Department responsible,GIS's layer of CGs? Points/Polygon/Non,City Area (km2),Density for km2,Green Areas GIS (Km2),# unites of green areas,Mean area,Satisfaction with parks and green spaces in the residential area %,Density in Built Area (Person per Km2),Forest and Woodland (Km2),Parks and gardens (Km2),"Culture, Leisure, Vacation, and Sport (Km2)",No. Pupils in the city,No of Schools in the city,Avg Salary,City Avg SEI 2021,City Population,City,ID_gina,Y_Latitude by WGS84,X_Longitude by WGS84,green_area_m2_400,count no. of green unites within 400m,Cat_Special_location,Activity (Years),Num_activ_members,Num_visitors_per_year,area stat no. by lamas 2021,SEI_Neighb,SEI Gap,on_green,GARDENTYPE,walkable_length(m)_within_400m,Funding_Categories,Num_Cat of funding,Categories of the community,Special Community (Yes/No)
Environment,Points,63.9,"4,858.80",2.8411,372,0.007637,75,"22,757",0.48,1.59,0.36,"45,701",139,"10,642",5,"229,173",Ashdod,ASH001,31.80707896,34.64807545,31195.1933,18,"Open Green Space, Community Institution",Above 7 years,NA,NA,126,3,-2,Yes,76,9692.030242,Municipal Funding,1,Seniors,Yes
Environment,Points,63.9,"4,858.80",2.8411,372,0.007637,75,"22,757",0.48,1.59,0.36,"45,701",139,"10,642",5,"229,173",Ashdod,ASH002,31.8106735,34.65170715,22667.05262,7,"Open Green Space, Community Institution",Above 7 years,NA,NA,124,2,-3,No,,8526.499082,Municipal Funding,1,"Diverse Communities, Seniors",Yes
Environment,Points,63.9,"4,858.80",2.8411,372,0.007637,75,"22,757",0.48,1.59,0.36,"45,701",139,"10,642",5,"229,173",Ashdod,ASH003,31.80560126,34.65467886,102574.4183,12,"Open Green Space, Community Institution",Above 7 years,Up to 10,up to 100,133,2,-3,No,,12680.92593,Municipal Funding,1,"Diverse Communities, Seniors",Yes
Environment,Points,63.9,"4,858.80",2.8411,372,0.007637,75,"22,757",0.48,1.59,0.36,"45,701",139,"10,642",5,"229,173",Ashdod,ASH004,31.80705558,34.65302866,56278.99603,18,Open Green Space,3-7 years,10 to 20,100 to 500,133,2,-3,Yes,76,12268.96407,"Municipal Funding, Government Funding",2,Organized Groups,Yes
Environment,Points,63.9,"4,858.80",2.8411,372,0.007637,75,"22,757",0.48,1.59,0.36,"45,701",139,"10,642",5,"229,173",Ashdod,ASH005,31.79758879,34.65993119,39350.86876,12,Open Green Space,3-7 years,NA,NA,144,2,-3,No,,11820.26484,"Municipal Funding, Community Self-Funding",2,Non,No
Environment,Points,63.9,"4,858.80",2.8411,372,0.007637,75,"22,757",0.48,1.59,0.36,"45,701",139,"10,642",5,"229,173",Ashdod,ASH006,31.79953271,34.64872535,37588.48993,19,"Open Green Space, Community Institution",3-7 years,NA,NA,514,3,-2,No,,11590.2739,"Municipal Funding, Community Self-Funding",2,Non,No
Environment,Points,63.9,"4,858.80",2.8411,372,0.007637,75,"22,757",0.48,1.59,0.36,"45,701",139,"10,642",5,"229,173",Ashdod,ASH007,31.79468103,34.65387288,70973.03782,18,"Open Green Space, Community Institution",3-7 years,NA,NA,223,2,-3,No,,11212.00451,"Municipal Funding, Local Institutional Funding",2,Organized Groups,Yes
Environment,Points,63.9,"4,858.80",2.8411,372,0.007637,75,"22,757",0.48,1.59,0.36,"45,701",139,"10,642",5,"229,173",Ashdod,ASH008,31.79367687,34.6546569,60376.41369,18,"Open Green Space, Care / Welfare Institution",3-7 years,30 to 40,"500 to 1,000",223,2,-3,No,,10762.96628,"Municipal Funding, Government Funding, Community Self-Funding",3,Diverse Communities,Yes
Environment,Points,63.9,"4,858.80",2.8411,372,0.007637,75,"22,757",0.48,1.59,0.36,"45,701",139,"10,642",5,"229,173",Ashdod,ASH009,31.77842905,34.64963176,38514.97199,12,"Open Green Space, Community Institution",3-7 years,Up to 10,up to 100,633,6,1,No,,9801.139324,"Municipal Funding, Government Funding, Local Institutional Funding",3,Organized Groups,Yes
Environment,Points,63.9,"4,858.80",2.8411,372,0.007637,75,"22,757",0.48,1.59,0.36,"45,701",139,"10,642",5,"229,173",Ashdod,ASH010,31.78130912,34.65339461,38093.79082,14,Residential / Neighborhood Setting,3-7 years,Up to 10,up to 100,632,6,1,No,,13606.41431,"Municipal Funding, Community Self-Funding",2,Non,No
Environment,Points,63.9,"4,858.80",2.8411,372,0.007637,75,"22,757",0.48,1.59,0.36,"45,701",139,"10,642",5,"229,173",Ashdod,ASH011,31.83694446,34.69204355,0,0,"Open Green Space, Community Institution, Care / Welfare Institution",3-7 years,Up to 10,up to 100,111,5,0,No,,2133.686063,"Municipal Funding, Government Funding",2,People with Disabilities,Yes
Environment,Points,63.9,"4,858.80",2.8411,372,0.007637,75,"22,757",0.48,1.59,0.36,"45,701",139,"10,642",5,"229,173",Ashdod,ASH012,31.77669296,34.63137837,38070.46713,12,Open Green Space,3-7 years,Above 40,"1,000 to 5,000",724,6,1,No,,15353.25422,"Municipal Funding, Government Funding, External Funding",3,"Residents, Families, Seniors, Educational Community, Youth",Yes
Environment,Points,63.9,"4,858.80",2.8411,372,0.007637,75,"22,757",0.48,1.59,0.36,"45,701",139,"10,642",5,"229,173",Ashdod,ASH013,31.80288928,34.63833804,26946.07706,11,Open Green Space,3-7 years,Up to 10,"500 to 1,000",524,7,2,No,,8457.676155,"Municipal Funding, Government Funding",2,"Residents, Families, Educational Community, Youth",Yes
NA,NA,52.3,"3,565.70",2.9535,328,0.009005,70.8,"13,486",0,0.67,0.76,"27,765",60,"10,427",5,"161,745",Ashqelon,ASQ - NA,,,,,,,,,,,,,,,,,,
Community & Welfare,Non,9.4,"15,997.90",0.6226,188,0.003312,61.1,"30,505",0,0.19,0.2,"17,105",47,"9,612",5,"131,099",Bat Yam,BAT001,32.00413928,34.75467137,53909.24026,12,Open Green Space,Above 7 years,Above 40,up to 100,521,6,1,No,,8569.621463,"External Funding, Community Self-Funding",2,"Diverse Communities, Seniors",Yes
Environment & Gardening,Non,7.3,"30,454.60",0.1815,87,0.002086,48.4,"66,373",0,0,0.01,"60,755",223,"8,010",2,"223,786",Bene Beraq,BBQ - Non,,,,,,,,,,,,,,,,,,
Environment & Welfare,Polygon,117.4,"1,865.50",7.9557,421,0.018897,73.1,"11,054",15.61,2.11,0.78,"35,274",89,"10,723",5,"218,995",Beer Sheva,BEV001,31.27110467,34.79997273,20968.42309,7,Religious Institution,Above 7 years,10 to 20,100 to 500,122,2,-3,No,,9050.302954,"Government Funding, Municipal Funding",2,Religious Groups,Yes
Environment & Welfare,Polygon,117.4,"1,865.50",7.9557,421,0.018897,73.1,"11,054",15.61,2.11,0.78,"35,274",89,"10,723",5,"218,995",Beer Sheva,BEV002,31.26896791,34.8004137,16485.33989,7,Community Institution,Above 7 years,10 to 20,"500 to 1,000",123,3,-2,No,,9681.149605,Municipal Funding,1,Educational Community,Yes
Environment & Welfare,Polygon,117.4,"1,865.50",7.9557,421,0.018897,73.1,"11,054",15.61,2.11,0.78,"35,274",89,"10,723",5,"218,995",Beer Sheva,BEV003,31.26950237,34.79626421,24890.48189,9,Residential / Neighborhood Setting,Above 7 years,20 to 30,"500 to 1,000",121,2,-3,No,,15159.0197,External Funding,1,Educational Community,Yes
Environment & Welfare,Polygon,117.4,"1,865.50",7.9557,421,0.018897,73.1,"11,054",15.61,2.11,0.78,"35,274",89,"10,723",5,"218,995",Beer Sheva,BEV004,31.26285128,34.79197589,57948.68124,7,Educational Institution,Above 7 years,20 to 30,"500 to 1,000",132,2,-3,No,,16974.72443,"Government Funding, Municipal Funding",2,Educational Community,Yes
Environment & Welfare,Polygon,117.4,"1,865.50",7.9557,421,0.018897,73.1,"11,054",15.61,2.11,0.78,"35,274",89,"10,723",5,"218,995",Beer Sheva,BEV005,31.26128989,34.79151362,50677.77586,5,Care / Welfare Institution,Above 7 years,10 to 20,"500 to 1,000",132,2,-3,No,,15558.03088,"Municipal Funding, External Funding",2,Youth,Yes
Environment & Welfare,Polygon,117.4,"1,865.50",7.9557,421,0.018897,73.1,"11,054",15.61,2.11,0.78,"35,274",89,"10,723",5,"218,995",Beer Sheva,BEV006,31.26937404,34.78565507,36187.66444,9,Residential / Neighborhood Setting,Above 7 years,10 to 20,"500 to 1,000",112,2,-3,No,,12441.82345,"Government Funding, Municipal Funding",2,"Youth, People with Disabilities, Educational Community, Families",Yes
Environment & Welfare,Polygon,117.4,"1,865.50",7.9557,421,0.018897,73.1,"11,054",15.61,2.11,0.78,"35,274",89,"10,723",5,"218,995",Beer Sheva,BEV007,31.25469058,34.76782122,32069.09096,12,Residential / Neighborhood Setting,Above 7 years,10 to 20,"500 to 1,000",222,2,-3,No,,14895.95785,"Government Funding, Municipal Funding, External Funding",3,"Youth, Educational Community, Families",Yes
Environment & Welfare,Polygon,117.4,"1,865.50",7.9557,421,0.018897,73.1,"11,054",15.61,2.11,0.78,"35,274",89,"10,723",5,"218,995",Beer Sheva,BEV008,31.25771732,34.78144765,31018.41303,10,Residential / Neighborhood Setting,Above 7 years,Up to 10,100 to 500,511,3,-2,No,,10577.79349,"Government Funding, Municipal Funding, External Funding",3,"Youth, Families",Yes
Environment & Welfare,Polygon,117.4,"1,865.50",7.9557,421,0.018897,73.1,"11,054",15.61,2.11,0.78,"35,274",89,"10,723",5,"218,995",Beer Sheva,BEV009,31.27090265,34.80704278,10230.80683,9,Care / Welfare Institution,Above 7 years,Up to 10,100 to 500,811,7,2,No,,11237.9587,Municipal Funding,1,People with Disabilities,Yes
Environment & Welfare,Polygon,117.4,"1,865.50",7.9557,421,0.018897,73.1,"11,054",15.61,2.11,0.78,"35,274",89,"10,723",5,"218,995",Beer Sheva,BEV010,31.26437414,34.78431718,27733.9965,7,Care / Welfare Institution,Above 7 years,Up to 10,100 to 500,212,3,-2,No,,16000.34854,Municipal Funding,1,People with Disabilities,Yes
Environment & Welfare,Polygon,117.4,"1,865.50",7.9557,421,0.018897,73.1,"11,054",15.61,2.11,0.78,"35,274",89,"10,723",5,"218,995",Beer Sheva,BEV011,31.26087974,34.77552935,53251.64007,10,Community Institution,Above 7 years,Up to 10,100 to 500,216,2,-3,Yes,76,14099.57928,"Municipal Funding, External Funding",2,"People with Disabilities, Seniors",Yes
Environment & Welfare,Polygon,117.4,"1,865.50",7.9557,421,0.018897,73.1,"11,054",15.61,2.11,0.78,"35,274",89,"10,723",5,"218,995",Beer Sheva,BEV012,31.23808609,34.76502785,31486.37188,13,Educational Institution,Above 7 years,10 to 20,"500 to 1,000",721,6,1,No,,16240.18884,Municipal Funding,1,Educational Community,Yes
Environment & Welfare,Polygon,117.4,"1,865.50",7.9557,421,0.018897,73.1,"11,054",15.61,2.11,0.78,"35,274",89,"10,723",5,"218,995",Beer Sheva,BEV013,31.26087974,34.77552935,53251.64007,10,Community Institution,Above 7 years,Up to 10,100 to 500,216,2,-3,Yes,76,14099.57928,"Municipal Funding, External Funding",2,"Youth, Families, Diverse Communities",Yes
Environment & Welfare,Polygon,117.4,"1,865.50",7.9557,421,0.018897,73.1,"11,054",15.61,2.11,0.78,"35,274",89,"10,723",5,"218,995",Beer Sheva,BEV014,31.25522199,34.8114174,35458.88679,4,Residential / Neighborhood Setting,Above 7 years,,"500 to 1,000",632,2,-3,No,,12753.82181,"Government Funding, Municipal Funding",2,Non,No
Environment & Welfare,Polygon,117.4,"1,865.50",7.9557,421,0.018897,73.1,"11,054",15.61,2.11,0.78,"35,274",89,"10,723",5,"218,995",Beer Sheva,BEV015,31.25192586,34.77975395,44506.37534,8,Care / Welfare Institution,Above 7 years,10 to 20,"500 to 1,000",411,3,-2,No,,16184.91108,"Government Funding, Municipal Funding",2,"Families, Diverse Communities",Yes
Environment & Welfare,Polygon,117.4,"1,865.50",7.9557,421,0.018897,73.1,"11,054",15.61,2.11,0.78,"35,274",89,"10,723",5,"218,995",Beer Sheva,BEV016,31.25728216,34.80635671,25303.72032,5,Care / Welfare Institution,Above 7 years,10 to 20,"500 to 1,000",633,2,-3,No,,14964.01711,Municipal Funding,1,"Families, Diverse Communities",Yes
Environment & Welfare,Polygon,117.4,"1,865.50",7.9557,421,0.018897,73.1,"11,054",15.61,2.11,0.78,"35,274",89,"10,723",5,"218,995",Beer Sheva,BEV017,31.25910176,34.80829405,33535.0858,6,Educational Institution,Above 7 years,10 to 20,"500 to 1,000",633,2,-3,No,,14805.49802,"Government Funding, Municipal Funding",2,Educational Community,Yes
Environment & Welfare,Polygon,117.4,"1,865.50",7.9557,421,0.018897,73.1,"11,054",15.61,2.11,0.78,"35,274",89,"10,723",5,"218,995",Beer Sheva,BEV018,31.26590605,34.76019311,14376.20822,6,Community Institution,Above 7 years,10 to 20,"500 to 1,000",321,6,1,No,,11972.55423,Municipal Funding,1,Non,No
Environment & Welfare,Polygon,117.4,"1,865.50",7.9557,421,0.018897,73.1,"11,054",15.61,2.11,0.78,"35,274",89,"10,723",5,"218,995",Beer Sheva,BEV019,31.239463,34.77369613,26970.72017,10,Care / Welfare Institution,Above 7 years,10 to 20,"500 to 1,000",715,6,1,No,,16880.09355,"Municipal Funding, External Funding",2,People with Disabilities,Yes
Environment & Welfare,Polygon,117.4,"1,865.50",7.9557,421,0.018897,73.1,"11,054",15.61,2.11,0.78,"35,274",89,"10,723",5,"218,995",Beer Sheva,BEV020,31.25386228,34.80210207,9790.933713,4,Educational Institution,Above 7 years,10 to 20,"500 to 1,000",632,2,-3,No,,13988.49357,"Municipal Funding, External Funding",2,"Youth, Educational Community",Yes
Environment & Welfare,Polygon,117.4,"1,865.50",7.9557,421,0.018897,73.1,"11,054",15.61,2.11,0.78,"35,274",89,"10,723",5,"218,995",Beer Sheva,BEV021,31.25702283,34.77189834,26052.31403,5,Community Institution,Above 7 years,10 to 20,"500 to 1,000",221,3,-2,No,,14818.66488,"Municipal Funding, External Funding",2,Youth,Yes
Environment & Welfare,Polygon,117.4,"1,865.50",7.9557,421,0.018897,73.1,"11,054",15.61,2.11,0.78,"35,274",89,"10,723",5,"218,995",Beer Sheva,BEV022,31.26079642,34.79427737,19797.79885,7,Residential / Neighborhood Setting,Above 7 years,10 to 20,"500 to 1,000",133,2,-3,No,,15903.76712,Municipal Funding,1,Non,No
External (Non-municipal organization),Non,38.4,"4,369.80",8.861,281,0.031534,72.5,"23,240",11.37,0.48,0.1,"36,925",170,"8,760",2,"167,318",Beit Shemesh,BSH001,31.73628115,34.99213086,17187.07303,8,"Open Green Space, Residential / Neighborhood Setting",Above 7 years,Up to 10,up to 100,311,1,-1,No,,5609.558263,External Funding,1,Diverse Communities,Yes
Environment,Non,56.3,"2,092.30",12.0741,154,0.078403,68.7,"10,515",1.73,0.29,0.27,"18,790",52,"11,209",6,"106,767",Hadera,HDR001,32.42440906,34.94726131,5713.083706,2,Educational Institution,Above 7 years,Above 40,100 to 500,113,7,1,No,,7223.164418,Community Self-Funding,1,"People with Disabilities, Educational Community",Yes
Environment,Non,56.3,"2,092.30",12.0741,154,0.078403,68.7,"10,515",1.73,0.29,0.27,"18,790",52,"11,209",6,"106,767",Hadera,HDR002,32.42162739,34.94792199,14228.36984,8,"Community Institution, Care / Welfare Institution",Above 7 years,Above 40,100 to 500,113,7,1,No,,9940.532066,"Municipal Funding, External Funding",2,"Youth, Seniors",Yes
Environment,Non,56.3,"2,092.30",12.0741,154,0.078403,68.7,"10,515",1.73,0.29,0.27,"18,790",52,"11,209",6,"106,767",Hadera,HDR003,32.44217938,34.91050478,18942.75258,4,"Community Institution, Educational Institution",Above 7 years,Above 40,100 to 500,224,3,-3,No,,5584.769503,"Government Funding, Municipal Funding, External Funding",3,"Youth, Seniors",Yes
Environment,Non,56.3,"2,092.30",12.0741,154,0.078403,68.7,"10,515",1.73,0.29,0.27,"18,790",52,"11,209",6,"106,767",Hadera,HDR004,32.43914878,34.908557,10758.8125,3,Community Institution,3-7 years,10 to 20,up to 100,224,3,-3,No,,8350.285148,Local Institutional Funding,1,"Diverse Communities, Seniors",Yes
Community,Polygon,72.9,"4,539.60",7.8054,604,0.012923,45.8,"13,926",10.67,1.05,1.01,"46,192",128,"12,823",7,"298,311",Haifa,HFA001,32.81005825,34.95892208,38278.81682,12,Educational Institution,Above 7 years,20 to 30,up to 100,426,3,-4,No,,8623.491666,"Community Self-Funding, Municipal Funding",2,Diverse Communities,Yes
Community,Polygon,72.9,"4,539.60",7.8054,604,0.012923,45.8,"13,926",10.67,1.05,1.01,"46,192",128,"12,823",7,"298,311",Haifa,HFA002,32.81711181,34.95705449,98270.34607,7,Community Institution,Above 7 years,10 to 20,up to 100,424,5,-2,No,,11427.14257,"Community Self-Funding, Municipal Funding",2,Diverse Communities,Yes
Community,Polygon,72.9,"4,539.60",7.8054,604,0.012923,45.8,"13,926",10.67,1.05,1.01,"46,192",128,"12,823",7,"298,311",Haifa,HFA003,32.83098593,34.97624185,31519.8884,8,Community Institution,Above 7 years,10 to 20,100 to 500,417,6,-1,Yes,76,13530.51463,"Community Self-Funding, Municipal Funding",2,Families,Yes
Community,Polygon,72.9,"4,539.60",7.8054,604,0.012923,45.8,"13,926",10.67,1.05,1.01,"46,192",128,"12,823",7,"298,311",Haifa,HFA004,32.78577099,34.99717449,59017.26339,8,Educational Institution,Above 7 years,NA,NA,911,7,0,No,,11553.47778,"Community Self-Funding, Municipal Funding",2,Non,No
Community,Polygon,72.9,"4,539.60",7.8054,604,0.012923,45.8,"13,926",10.67,1.05,1.01,"46,192",128,"12,823",7,"298,311",Haifa,HFA005,32.77358965,34.9899966,291824.1027,6,Non,Above 7 years,NA,NA,932,9,2,No,,5831.403148,"Community Self-Funding, Municipal Funding",2,Non,No
Community,Polygon,72.9,"4,539.60",7.8054,604,0.012923,45.8,"13,926",10.67,1.05,1.01,"46,192",128,"12,823",7,"298,311",Haifa,HFA006,32.78536525,35.01440302,88673.35272,8,Open Green Space,Above 7 years,30 to 40,"above 10,000",811,6,-1,No,,14555.74533,"Community Self-Funding, Municipal Funding",2,"Residents, Families, Seniors, Educational Community, Youth",Yes
Community,Polygon,72.9,"4,539.60",7.8054,604,0.012923,45.8,"13,926",10.67,1.05,1.01,"46,192",128,"12,823",7,"298,311",Haifa,HFA007,32.78427559,34.96788442,25924.00972,3,"Open Green Space, Recreation / Leisure Facility",3-7 years,10 to 20,100 to 500,433,9,2,Yes,76,14864.67864,"Community Self-Funding, Municipal Funding",2,Youth,Yes
Community,Polygon,72.9,"4,539.60",7.8054,604,0.012923,45.8,"13,926",10.67,1.05,1.01,"46,192",128,"12,823",7,"298,311",Haifa,HFA008,32.82325093,34.95907247,67421.26859,8,Educational Institution,Above 7 years,10 to 20,up to 100,422,6,-1,No,,12951.55426,"Community Self-Funding, Municipal Funding",2,"Diverse Communities, Residents, Families, Educational Community, Seniors",Yes
Community,Polygon,72.9,"4,539.60",7.8054,604,0.012923,45.8,"13,926",10.67,1.05,1.01,"46,192",128,"12,823",7,"298,311",Haifa,HFA009,32.78812265,35.00569653,113189.7327,9,Community Institution,Above 7 years,Up to 10,up to 100,824,8,1,No,,11337.40968,"Community Self-Funding, Municipal Funding",2,"Residents, Families, Educational Community, Seniors, Youth",Yes
Community,Polygon,72.9,"4,539.60",7.8054,604,0.012923,45.8,"13,926",10.67,1.05,1.01,"46,192",128,"12,823",7,"298,311",Haifa,HFA010,32.81934011,35.06647939,33555.16015,10,Community Institution,Above 7 years,20 to 30,"above 10,000",131,7,0,No,,8482.778433,"Community Self-Funding, Municipal Funding",2,People with Disabilities,Yes
Community,Polygon,72.9,"4,539.60",7.8054,604,0.012923,45.8,"13,926",10.67,1.05,1.01,"46,192",128,"12,823",7,"298,311",Haifa,HFA011,32.77475848,35.01466875,223919.2431,19,Community Institution,Above 7 years,Above 40,"above 10,000",813,9,2,No,,9869.080395,"Community Self-Funding, Municipal Funding",2,Non,No
Community,Polygon,72.9,"4,539.60",7.8054,604,0.012923,45.8,"13,926",10.67,1.05,1.01,"46,192",128,"12,823",7,"298,311",Haifa,HFA012,32.77867711,35.00044673,55890.53708,8,Educational Institution,1-3 years,Up to 10,100 to 500,933,8,1,Yes,3,8742.490717,"Community Self-Funding, Municipal Funding",2,Non,No
Community,Polygon,72.9,"4,539.60",7.8054,604,0.012923,45.8,"13,926",10.67,1.05,1.01,"46,192",128,"12,823",7,"298,311",Haifa,HFA013,32.80292182,34.97369005,154491.8808,3,Open Green Space,0-1 years,NA,NA,525,9,2,No,,4421.151138,"Community Self-Funding, Municipal Funding",2,Non,No
Community,Polygon,72.9,"4,539.60",7.8054,604,0.012923,45.8,"13,926",10.67,1.05,1.01,"46,192",128,"12,823",7,"298,311",Haifa,HFA014,32.80799006,34.97972093,181180.5499,4,Open Green Space,Above 7 years,20 to 30,100 to 500,526,8,1,No,,5677.488727,"Community Self-Funding, Municipal Funding",2,Non,No
Community,Polygon,72.9,"4,539.60",7.8054,604,0.012923,45.8,"13,926",10.67,1.05,1.01,"46,192",128,"12,823",7,"298,311",Haifa,HFA015,32.81159277,34.99975203,25981.99412,5,Community Institution,Above 7 years,20 to 30,100 to 500,634,2,-5,No,,15713.16693,"Community Self-Funding, Municipal Funding",2,"Diverse Communities, Residents, Youth, Organized Groups",Yes
Environment,Points,19,"10,134.20",1.8717,301,0.006218,60.6,"24,022",0,0.22,0.53,"30,408",62,"11,817",4,"192,980",Holon,HLN001,32.00721302,34.78107001,60989.95589,10,Educational Institution,1-3 years,10 to 20,100 to 500,422,7,3,No,,16037.79093,Municipal Funding,1,"Youth, Seniors",Yes
Environment,Points,19,"10,134.20",1.8717,301,0.006218,60.6,"24,022",0,0.22,0.53,"30,408",62,"11,817",4,"192,980",Holon,HLN002,32.01424021,34.78217598,40088.53604,14,Community Institution,1-3 years,10 to 20,up to 100,412,6,2,No,,10471.44016,Municipal Funding,1,Organized Groups,Yes
Environment,Points,19,"10,134.20",1.8717,301,0.006218,60.6,"24,022",0,0.22,0.53,"30,408",62,"11,817",4,"192,980",Holon,HLN003,32.01582347,34.76428783,27109.70406,14,Community Institution,0-1 years,10 to 20,100 to 500,612,6,2,No,,12533.41508,Municipal Funding,1,Organized Groups,Yes
Environment,Points,19,"10,134.20",1.8717,301,0.006218,60.6,"24,022",0,0.22,0.53,"30,408",62,"11,817",4,"192,980",Holon,HLN004,32.02779388,34.77636142,59506.02142,20,Community Institution,0-1 years,10 to 20,up to 100,324,6,2,No,,9732.43757,Municipal Funding,1,Seniors,Yes
Environment,Points,19,"10,134.20",1.8717,301,0.006218,60.6,"24,022",0,0.22,0.53,"30,408",62,"11,817",4,"192,980",Holon,HLN005,32.00612653,34.79762767,47669.47931,14,Community Institution,1-3 years,10 to 20,up to 100,211,6,2,No,,17985.91053,Municipal Funding,1,Seniors,Yes
Environment,Points,19,"10,134.20",1.8717,301,0.006218,60.6,"24,022",0,0.22,0.53,"30,408",62,"11,817",4,"192,980",Holon,HLN006,32.02801958,34.76116663,20690.62567,23,Community Institution,1-3 years,10 to 20,100 to 500,621,3,-1,No,,11155.7475,Municipal Funding,1,"Educational Community, Seniors",Yes
Environment,Points,19,"10,134.20",1.8717,301,0.006218,60.6,"24,022",0,0.22,0.53,"30,408",62,"11,817",4,"192,980",Holon,HLN007,32.01564216,34.79891133,17602.84973,8,Open Green Space,3-7 years,10 to 20,up to 100,225,6,2,No,,7711.59435,Municipal Funding,1,Seniors,Yes
Environment,Points,19,"10,134.20",1.8717,301,0.006218,60.6,"24,022",0,0.22,0.53,"30,408",62,"11,817",4,"192,980",Holon,HLN008,31.99645665,34.76883767,49817.93025,13,Community Institution,Above 7 years,10 to 20,up to 100,723,7,3,No,,11194.17015,Municipal Funding,1,Seniors,Yes
Environment,Points,19,"10,134.20",1.8717,301,0.006218,60.6,"24,022",0,0.22,0.53,"30,408",62,"11,817",4,"192,980",Holon,HLN009,32.00399182,34.76351574,42075.47109,15,Community Institution,0-1 years,10 to 20,"500 to 1,000",512,3,-1,No,,12971.47335,Municipal Funding,1,Educational Community,Yes
Environment,Polygon,24.2,"4,978.10",1.0341,222,0.004658,86.1,"9,719",0.01,0.52,0.42,"16,408",37,"18,006",8,"108,650",Herzliya,HRZ001,32.17485035,34.85449019,11291.30994,8,"Residential / Neighborhood Setting, Open Green Space",Above 7 years,Up to 10,up to 100,111,5,-3,No,,12231.30872,"Local Institutional Funding, Municipal Funding",2,"Youth, Seniors",Yes
Environment,Polygon,24.2,"4,978.10",1.0341,222,0.004658,86.1,"9,719",0.01,0.52,0.42,"16,408",37,"18,006",8,"108,650",Herzliya,HRZ002,32.16549034,34.83268847,40936.95895,15,Open Green Space,Above 7 years,Up to 10,up to 100,235,8,0,No,,18129.59581,Municipal Funding,1,Families,Yes
Environment,Polygon,24.2,"4,978.10",1.0341,222,0.004658,86.1,"9,719",0.01,0.52,0.42,"16,408",37,"18,006",8,"108,650",Herzliya,HRZ003,32.17527251,34.84495814,24653.07839,14,Educational Institution,3-7 years,Up to 10,up to 100,222,9,1,No,,15138.53864,"Community Self-Funding, Municipal Funding",2,"Youth, Families",Yes
Environment,Polygon,24.2,"4,978.10",1.0341,222,0.004658,86.1,"9,719",0.01,0.52,0.42,"16,408",37,"18,006",8,"108,650",Herzliya,HRZ004,32.17179105,34.84460777,19506.78841,11,Open Green Space,3-7 years,Up to 10,up to 100,214,9,1,No,,13994.21001,Municipal Funding,1,Seniors,Yes
Environment,Polygon,24.2,"4,978.10",1.0341,222,0.004658,86.1,"9,719",0.01,0.52,0.42,"16,408",37,"18,006",8,"108,650",Herzliya,HRZ005,32.16957729,34.84722065,18359.85816,13,Open Green Space,1-3 years,Up to 10,100 to 500,213,9,1,No,,13402.70965,Municipal Funding,1,"Youth, Families",Yes
Environment,Polygon,24.2,"4,978.10",1.0341,222,0.004658,86.1,"9,719",0.01,0.52,0.42,"16,408",37,"18,006",8,"108,650",Herzliya,HRZ006,32.16675038,34.80287563,10589.73731,6,Open Green Space,3-7 years,Up to 10,up to 100,325,8,0,No,,13792.8413,"Local Institutional Funding, Municipal Funding",2,Seniors,Yes
Environment,Polygon,24.2,"4,978.10",1.0341,222,0.004658,86.1,"9,719",0.01,0.52,0.42,"16,408",37,"18,006",8,"108,650",Herzliya,HRZ007,32.16180339,34.83079344,29837.96484,14,Open Green Space,Above 7 years,30 to 40,100 to 500,235,8,0,No,,19154.8843,Municipal Funding,1,"Youth, Families",Yes
Environment,Polygon,24.2,"4,978.10",1.0341,222,0.004658,86.1,"9,719",0.01,0.52,0.42,"16,408",37,"18,006",8,"108,650",Herzliya,HRZ008,32.15887305,34.82054604,109495.5182,6,Open Green Space,0-1 years,Up to 10,"above 10,000",231,9,1,Yes,76,17283.87217,Municipal Funding,1,"People with Disabilities, Families",Yes
Environment,Polygon,24.2,"4,978.10",1.0341,222,0.004658,86.1,"9,719",0.01,0.52,0.42,"16,408",37,"18,006",8,"108,650",Herzliya,HRZ009,32.18949211,34.80901977,31044.1065,5,Open Green Space,0-1 years,Up to 10,100 to 500,322,9,1,No,,10455.18624,Municipal Funding,1,Families,Yes
Environment,Polygon,24.2,"4,978.10",1.0341,222,0.004658,86.1,"9,719",0.01,0.52,0.42,"16,408",37,"18,006",8,"108,650",Herzliya,HRZ010,32.17513225,34.83050619,46207.2106,8,Community Institution,1-3 years,Up to 10,up to 100,233,9,1,Yes,76,11712.43175,"Municipal Funding, External Funding",2,Educational Community,Yes
Environment,Polygon,24.2,"4,978.10",1.0341,222,0.004658,86.1,"9,719",0.01,0.52,0.42,"16,408",37,"18,006",8,"108,650",Herzliya,HRZ011,32.16187405,34.85100192,18047.47391,13,Open Green Space,0-1 years,Up to 10,100 to 500,132,9,1,No,,15099.04651,Municipal Funding,1,Seniors,Yes
Environment,Polygon,24.2,"4,978.10",1.0341,222,0.004658,86.1,"9,719",0.01,0.52,0.42,"16,408",37,"18,006",8,"108,650",Herzliya,HRZ012,32.16394977,34.85806885,8847.172343,9,Community Institution,0-1 years,Up to 10,100 to 500,113,7,-1,No,,10580.65913,"Local Institutional Funding, Municipal Funding",2,Seniors,Yes
Environment,Polygon,24.2,"4,978.10",1.0341,222,0.004658,86.1,"9,719",0.01,0.52,0.42,"16,408",37,"18,006",8,"108,650",Herzliya,HRZ013,32.17169094,34.81807812,20031.33286,7,Open Green Space,3-7 years,Up to 10,up to 100,323,9,1,No,,8911.017258,Municipal Funding,1,Non,No
Environment,Polygon,24.2,"4,978.10",1.0341,222,0.004658,86.1,"9,719",0.01,0.52,0.42,"16,408",37,"18,006",8,"108,650",Herzliya,HRZ014,32.16926384,34.85744837,31733.97794,9,Open Green Space,0-1 years,Up to 10,up to 100,112,7,-1,No,,11109.61064,"Local Institutional Funding, Municipal Funding",2,Seniors,Yes
Community,Polygon,125.5,"8,155.30",15.6589,825,0.01898,39.9,"20,013",17.43,2.47,2.56,"226,003",763,"9,505",2,"1,028,366",Jerusalem,JLM001,31.77620297,35.22133351,75246.85975,9,Community Institution,Above 7 years,10 to 20,100 to 500,1322,7,5,No,,17088.59216,"Municipal Funding, Community Self-Funding",2,"Youth, Educational Community",Yes
Community,Polygon,125.5,"8,155.30",15.6589,825,0.01898,39.9,"20,013",17.43,2.47,2.56,"226,003",763,"9,505",2,"1,028,366",Jerusalem,JLM002,31.77646569,35.19329639,52689.98582,6,Open Green Space,Above 7 years,20 to 30,"5,000 to 10,000",1013,9,7,Yes,76,10830.55492,"Municipal Funding, Local Institutional Funding, Government Funding, Community Self-Funding",4,"Organized Groups, Religious Groups",Yes
Community,Polygon,125.5,"8,155.30",15.6589,825,0.01898,39.9,"20,013",17.43,2.47,2.56,"226,003",763,"9,505",2,"1,028,366",Jerusalem,JLM003,31.75214535,35.22555935,35110.71481,8,"Community Institution, Educational Institution, Religious Institution",Above 7 years,Up to 10,up to 100,1811,7,5,No,,14116.7517,"Municipal Funding, Local Institutional Funding",2,Families,Yes
Community,Polygon,125.5,"8,155.30",15.6589,825,0.01898,39.9,"20,013",17.43,2.47,2.56,"226,003",763,"9,505",2,"1,028,366",Jerusalem,JLM004,31.78275621,35.21067674,57354.18095,11,Residential / Neighborhood Setting,Above 7 years,Up to 10,up to 100,1435,5,3,No,,19523.31591,"Municipal Funding, Community Self-Funding",2,"Residents, Families",Yes
Community,Polygon,125.5,"8,155.30",15.6589,825,0.01898,39.9,"20,013",17.43,2.47,2.56,"226,003",763,"9,505",2,"1,028,366",Jerusalem,JLM005,31.76783536,35.2100237,35445.93494,12,Residential / Neighborhood Setting,Above 7 years,10 to 20,100 to 500,1223,8,6,No,,12031.79508,"Community Self-Funding, Municipal Funding",2,"Residents, Seniors, Educational Community",Yes
Community,Polygon,125.5,"8,155.30",15.6589,825,0.01898,39.9,"20,013",17.43,2.47,2.56,"226,003",763,"9,505",2,"1,028,366",Jerusalem,JLM006,31.7568704,35.18342303,35427.83358,11,Educational Institution,1-3 years,10 to 20,"500 to 1,000",1722,7,5,No,,15261.29262,"Municipal Funding, Community Self-Funding",2,"Residents, Educational Community, Families",Yes
Community,Polygon,125.5,"8,155.30",15.6589,825,0.01898,39.9,"20,013",17.43,2.47,2.56,"226,003",763,"9,505",2,"1,028,366",Jerusalem,JLM007,31.76602958,35.15984852,89632.06923,6,"Open Green Space, Educational Institution",Above 7 years,10 to 20,"above 10,000",1115,7,5,No,,9321.164263,"Municipal Funding, Community Self-Funding",2,Educational Community,Yes
Community,Polygon,125.5,"8,155.30",15.6589,825,0.01898,39.9,"20,013",17.43,2.47,2.56,"226,003",763,"9,505",2,"1,028,366",Jerusalem,JLM008,31.77957658,35.20997865,141936.301,9,Open Green Space,Above 7 years,NA,up to 100,1438,4,2,Yes,76,15397.38026,Municipal Funding,1,Residents,Yes
Community,Polygon,125.5,"8,155.30",15.6589,825,0.01898,39.9,"20,013",17.43,2.47,2.56,"226,003",763,"9,505",2,"1,028,366",Jerusalem,JLM009,31.78516882,35.20875398,30526.69211,9,Religious Institution,Above 7 years,Up to 10,up to 100,1434,5,3,No,,18773.927,Municipal Funding,1,Religious Groups,Yes
Community,Polygon,125.5,"8,155.30",15.6589,825,0.01898,39.9,"20,013",17.43,2.47,2.56,"226,003",763,"9,505",2,"1,028,366",Jerusalem,JLM010,31.75538897,35.16775715,49706.55509,14,Community Institution,3-7 years,Up to 10,"500 to 1,000",1142,5,3,No,,15904.13129,Municipal Funding,1,Diverse Communities,Yes
Community,Polygon,125.5,"8,155.30",15.6589,825,0.01898,39.9,"20,013",17.43,2.47,2.56,"226,003",763,"9,505",2,"1,028,366",Jerusalem,JLM011,31.7533915,35.17787494,49048.2815,9,"Educational Institution, Residential / Neighborhood Setting, Religious Institution, Care / Welfare Institution",1-3 years,10 to 20,100 to 500,1132,5,3,No,,13043.42119,"Community Self-Funding, Municipal Funding",2,"Youth, Families, Educational Community",Yes
Community,Polygon,125.5,"8,155.30",15.6589,825,0.01898,39.9,"20,013",17.43,2.47,2.56,"226,003",763,"9,505",2,"1,028,366",Jerusalem,JLM012,31.83093224,35.22516203,2060.764036,1,"Residential / Neighborhood Setting, Recreation / Leisure Facility",3-7 years,NA,up to 100,2124,2,0,No,,7920.702662,Municipal Funding,1,Non,No
Community,Polygon,125.5,"8,155.30",15.6589,825,0.01898,39.9,"20,013",17.43,2.47,2.56,"226,003",763,"9,505",2,"1,028,366",Jerusalem,JLM013,31.83091512,35.22555692,2060.764036,1,"Residential / Neighborhood Setting, Educational Institution",3-7 years,NA,up to 100,2124,2,0,No,,8293.890548,Municipal Funding,1,Diverse Communities,Yes
Community,Polygon,125.5,"8,155.30",15.6589,825,0.01898,39.9,"20,013",17.43,2.47,2.56,"226,003",763,"9,505",2,"1,028,366",Jerusalem,JLM014,31.74860676,35.20593094,11249.82465,5,Community Institution,Above 7 years,NA,up to 100,2911,3,1,No,,11044.30333,Municipal Funding,1,Diverse Communities,Yes
Community,Polygon,125.5,"8,155.30",15.6589,825,0.01898,39.9,"20,013",17.43,2.47,2.56,"226,003",763,"9,505",2,"1,028,366",Jerusalem,JLM015,31.76095374,35.21206702,20780.72647,10,Community Institution,Above 7 years,Up to 10,up to 100,1315,7,5,No,,16332.30009,Municipal Funding,1,Families,Yes
Community,Polygon,125.5,"8,155.30",15.6589,825,0.01898,39.9,"20,013",17.43,2.47,2.56,"226,003",763,"9,505",2,"1,028,366",Jerusalem,JLM016,31.7633148,35.19574973,114186.8935,6,"Residential / Neighborhood Setting, Open Green Space",Above 7 years,Up to 10,up to 100,1221,3,1,No,,8803.736588,"Community Self-Funding, Municipal Funding",2,"Residents, Families",Yes
Community,Polygon,125.5,"8,155.30",15.6589,825,0.01898,39.9,"20,013",17.43,2.47,2.56,"226,003",763,"9,505",2,"1,028,366",Jerusalem,JLM017,31.73884052,35.18859103,25637.99226,6,"Residential / Neighborhood Setting, Religious Institution",3-7 years,Up to 10,100 to 500,1914,6,4,Yes,76,5650.966856,"Municipal Funding, Community Self-Funding, External Funding",3,Non,No
Community,Polygon,125.5,"8,155.30",15.6589,825,0.01898,39.9,"20,013",17.43,2.47,2.56,"226,003",763,"9,505",2,"1,028,366",Jerusalem,JLM018,31.75882066,35.22596957,174605.777,7,Residential / Neighborhood Setting,1-3 years,Up to 10,100 to 500,1337,5,3,No,,11916.467,Municipal Funding,1,Non,No
Community,Polygon,125.5,"8,155.30",15.6589,825,0.01898,39.9,"20,013",17.43,2.47,2.56,"226,003",763,"9,505",2,"1,028,366",Jerusalem,JLM019,31.83838052,35.24028597,35202.53628,12,"Community Institution, Educational Institution, Recreation / Leisure Facility",1-3 years,10 to 20,"1,000 to 5,000",117,2,0,No,,12238.52106,Municipal Funding,1,Youth,Yes
Community,Polygon,125.5,"8,155.30",15.6589,825,0.01898,39.9,"20,013",17.43,2.47,2.56,"226,003",763,"9,505",2,"1,028,366",Jerusalem,JLM020,31.76646148,35.21998251,51778.0238,14,"Recreation / Leisure Facility, Community Institution",Above 7 years,20 to 30,"5,000 to 10,000",1314,7,5,Yes,76,13024.11843,"Community Self-Funding, Municipal Funding, External Funding",3,"Residents, Seniors",Yes
Community,Polygon,125.5,"8,155.30",15.6589,825,0.01898,39.9,"20,013",17.43,2.47,2.56,"226,003",763,"9,505",2,"1,028,366",Jerusalem,JLM021,31.73618321,35.19629364,21957.19781,5,Open Green Space,Above 7 years,Up to 10,up to 100,1912,5,3,No,,12804.40255,Municipal Funding,1,Non,No
Community,Polygon,125.5,"8,155.30",15.6589,825,0.01898,39.9,"20,013",17.43,2.47,2.56,"226,003",763,"9,505",2,"1,028,366",Jerusalem,JLM022,31.78832696,35.22133578,258.4895145,2,Religious Institution,Above 7 years,Up to 10,100 to 500,722,1,-1,No,,19932.58351,Municipal Funding,1,Religious Groups,Yes
Community,Polygon,125.5,"8,155.30",15.6589,825,0.01898,39.9,"20,013",17.43,2.47,2.56,"226,003",763,"9,505",2,"1,028,366",Jerusalem,JLM023,31.76503394,35.22609401,70831.20246,10,Residential / Neighborhood Setting,Above 7 years,Up to 10,up to 100,1336,1,-1,No,,15646.5865,"Municipal Funding, Community Self-Funding",2,Non,No
Community,Polygon,125.5,"8,155.30",15.6589,825,0.01898,39.9,"20,013",17.43,2.47,2.56,"226,003",763,"9,505",2,"1,028,366",Jerusalem,JLM024,31.7743938,35.18929426,21689.3156,9,Residential / Neighborhood Setting,Above 7 years,Up to 10,up to 100,1013,9,7,No,,14063.69461,Municipal Funding,1,Non,No
Community,Polygon,125.5,"8,155.30",15.6589,825,0.01898,39.9,"20,013",17.43,2.47,2.56,"226,003",763,"9,505",2,"1,028,366",Jerusalem,JLM025,31.80264999,35.23839444,28830.15427,9,"Care / Welfare Institution, Community Institution, Religious Institution",Above 7 years,NA,up to 100,541,6,4,No,,16685.40017,Municipal Funding,1,"Religious Groups, Organized Groups",Yes
Community,Polygon,125.5,"8,155.30",15.6589,825,0.01898,39.9,"20,013",17.43,2.47,2.56,"226,003",763,"9,505",2,"1,028,366",Jerusalem,JLM026,31.75638925,35.21609414,20296.71047,5,"Residential / Neighborhood Setting, Open Green Space",Above 7 years,10 to 20,100 to 500,1335,7,5,Yes,76,14361.06535,"Municipal Funding, Community Self-Funding, Government Funding",3,"Residents, Seniors",Yes
Community,Polygon,125.5,"8,155.30",15.6589,825,0.01898,39.9,"20,013",17.43,2.47,2.56,"226,003",763,"9,505",2,"1,028,366",Jerusalem,JLM027,31.78537152,35.22633098,17576.43884,5,"Residential / Neighborhood Setting, Care / Welfare Institution",Above 7 years,Up to 10,"1,000 to 5,000",1412,1,-1,No,,15949.10211,Municipal Funding,1,Religious Groups,Yes
Community,Polygon,125.5,"8,155.30",15.6589,825,0.01898,39.9,"20,013",17.43,2.47,2.56,"226,003",763,"9,505",2,"1,028,366",Jerusalem,JLM028,31.75233678,35.23679991,125935.9693,10,"Residential / Neighborhood Setting, Recreation / Leisure Facility, Community Institution, Open Green Space",1-3 years,Up to 10,"500 to 1,000",1825,5,3,No,,12377.709,"Government Funding, Municipal Funding",2,"Residents, Seniors, Families, Youth",Yes
Community,Polygon,125.5,"8,155.30",15.6589,825,0.01898,39.9,"20,013",17.43,2.47,2.56,"226,003",763,"9,505",2,"1,028,366",Jerusalem,JLM029,31.79323999,35.24024407,104515.1896,5,Residential / Neighborhood Setting,Above 7 years,NA,up to 100,543,3,1,Yes,3,9583.305455,Municipal Funding,1,Diverse Communities,Yes
Community,Polygon,125.5,"8,155.30",15.6589,825,0.01898,39.9,"20,013",17.43,2.47,2.56,"226,003",763,"9,505",2,"1,028,366",Jerusalem,JLM030,31.76945014,35.16481685,127217.5169,4,"Open Green Space, Recreation / Leisure Facility",3-7 years,20 to 30,"500 to 1,000",1115,7,5,No,,10604.89646,"Government Funding, Municipal Funding, External Funding",3,"Residents, Educational Community",Yes
Community,Polygon,125.5,"8,155.30",15.6589,825,0.01898,39.9,"20,013",17.43,2.47,2.56,"226,003",763,"9,505",2,"1,028,366",Jerusalem,JLM031,31.82524164,35.23970121,47800.44543,9,Educational Institution,1-3 years,Up to 10,up to 100,214,4,2,No,,12007.50841,Municipal Funding,1,Youth,Yes
Community,Polygon,125.5,"8,155.30",15.6589,825,0.01898,39.9,"20,013",17.43,2.47,2.56,"226,003",763,"9,505",2,"1,028,366",Jerusalem,JLM032,31.76113951,35.16992338,62797.40694,8,Residential / Neighborhood Setting,3-7 years,Up to 10,100 to 500,1121,6,4,No,,13152.20689,Municipal Funding,1,Non,No
Community,Polygon,125.5,"8,155.30",15.6589,825,0.01898,39.9,"20,013",17.43,2.47,2.56,"226,003",763,"9,505",2,"1,028,366",Jerusalem,JLM033,31.7738895,35.2187504,39739.02445,14,Residential / Neighborhood Setting,Above 7 years,Up to 10,up to 100,1321,7,5,No,,15864.94391,Municipal Funding,1,"Religious Groups, Families",Yes
Community,Polygon,125.5,"8,155.30",15.6589,825,0.01898,39.9,"20,013",17.43,2.47,2.56,"226,003",763,"9,505",2,"1,028,366",Jerusalem,JLM034,31.78492552,35.22653399,20271.93104,7,"Residential / Neighborhood Setting, Religious Institution",Above 7 years,NA,up to 100,1412,1,-1,No,,15742.83715,Municipal Funding,1,Religious Groups,Yes
Community,Polygon,125.5,"8,155.30",15.6589,825,0.01898,39.9,"20,013",17.43,2.47,2.56,"226,003",763,"9,505",2,"1,028,366",Jerusalem,JLM035,31.73870703,35.23252505,0,0,"Residential / Neighborhood Setting, Recreation / Leisure Facility",Above 7 years,NA,up to 100,2811,1,-1,No,,6570.394176,Municipal Funding,1,Diverse Communities,Yes
Community,Polygon,125.5,"8,155.30",15.6589,825,0.01898,39.9,"20,013",17.43,2.47,2.56,"226,003",763,"9,505",2,"1,028,366",Jerusalem,JLM036,31.75529211,35.21917857,10604.55981,2,Residential / Neighborhood Setting,Above 7 years,Up to 10,100 to 500,1335,7,5,No,,11200.7789,"Municipal Funding, Local Institutional Funding, Government Funding, Community Self-Funding",4,Seniors,Yes
Community,Polygon,125.5,"8,155.30",15.6589,825,0.01898,39.9,"20,013",17.43,2.47,2.56,"226,003",763,"9,505",2,"1,028,366",Jerusalem,JLM037,31.75826918,35.1783829,49529.04619,9,Educational Institution,Above 7 years,Up to 10,"500 to 1,000",1131,5,3,No,,14198.51504,"Municipal Funding, Community Self-Funding, Government Funding",3,"Residents, Educational Community, Religious Groups, Families",Yes
Community,Polygon,125.5,"8,155.30",15.6589,825,0.01898,39.9,"20,013",17.43,2.47,2.56,"226,003",763,"9,505",2,"1,028,366",Jerusalem,JLM038,31.7605811,35.20775822,38876.14543,8,"Residential / Neighborhood Setting, Recreation / Leisure Facility, Open Green Space",1-3 years,10 to 20,"1,000 to 5,000",1315,7,5,No,,15948.06558,"Municipal Funding, Community Self-Funding, Government Funding",3,"Residents, Families, Seniors",Yes
Community,Polygon,125.5,"8,155.30",15.6589,825,0.01898,39.9,"20,013",17.43,2.47,2.56,"226,003",763,"9,505",2,"1,028,366",Jerusalem,JLM039,31.75821767,35.17240395,55350.40846,8,"Open Green Space, Religious Institution",Above 7 years,10 to 20,"1,000 to 5,000",1144,6,4,Yes,76,13450.57918,Municipal Funding,1,Religious Groups,Yes
Community,Polygon,125.5,"8,155.30",15.6589,825,0.01898,39.9,"20,013",17.43,2.47,2.56,"226,003",763,"9,505",2,"1,028,366",Jerusalem,JLM040,31.81037283,35.1972154,73548.88936,9,"Residential / Neighborhood Setting, Open Green Space, Care / Welfare Institution",Above 7 years,Up to 10,100 to 500,322,3,1,No,,13275.61549,"Municipal Funding, Community Self-Funding",2,Religious Groups,Yes
Community,Polygon,125.5,"8,155.30",15.6589,825,0.01898,39.9,"20,013",17.43,2.47,2.56,"226,003",763,"9,505",2,"1,028,366",Jerusalem,JLM041,31.76568979,35.20748622,20050.69679,7,"Community Institution, Recreation / Leisure Facility",3-7 years,Up to 10,"1,000 to 5,000",1223,8,6,No,,12457.13171,"Municipal Funding, Community Self-Funding",2,"Residents, Youth",Yes
Community,Polygon,125.5,"8,155.30",15.6589,825,0.01898,39.9,"20,013",17.43,2.47,2.56,"226,003",763,"9,505",2,"1,028,366",Jerusalem,JLM042,31.77779908,35.18694145,27101.00618,8,"Residential / Neighborhood Setting, Open Green Space",Above 7 years,Up to 10,up to 100,1013,9,7,Yes,76,14080.38782,Municipal Funding,1,Non,No
Community,Polygon,125.5,"8,155.30",15.6589,825,0.01898,39.9,"20,013",17.43,2.47,2.56,"226,003",763,"9,505",2,"1,028,366",Jerusalem,JLM043,31.75536952,35.17957487,47167.45158,10,"Residential / Neighborhood Setting, Religious Institution",Above 7 years,NA,up to 100,1132,3,1,No,,14414.79276,Municipal Funding,1,Families,Yes
Community,Polygon,125.5,"8,155.30",15.6589,825,0.01898,39.9,"20,013",17.43,2.47,2.56,"226,003",763,"9,505",2,"1,028,366",Jerusalem,JLM044,31.78045806,35.19505623,38911.43979,4,"Educational Institution, Open Green Space",Above 7 years,30 to 40,"5,000 to 10,000",1014,8,6,Yes,76,13641.4231,Municipal Funding,1,Educational Community,Yes
Community,Polygon,125.5,"8,155.30",15.6589,825,0.01898,39.9,"20,013",17.43,2.47,2.56,"226,003",763,"9,505",2,"1,028,366",Jerusalem,JLM045,31.80837974,35.2175034,178336.5653,12,Religious Institution,3-7 years,NA,up to 100,613,3,1,No,,11788.73054,Municipal Funding,1,Religious Groups,Yes
Community,Polygon,125.5,"8,155.30",15.6589,825,0.01898,39.9,"20,013",17.43,2.47,2.56,"226,003",763,"9,505",2,"1,028,366",Jerusalem,JLM046,31.75693928,35.16346369,94236.97902,10,"Open Green Space, Community Institution, Educational Institution, Care / Welfare Institution",Above 7 years,Up to 10,100 to 500,1142,5,3,Yes,76,11338.9942,"Municipal Funding, External Funding",2,"Residents, Educational Community",Yes
Community,Polygon,125.5,"8,155.30",15.6589,825,0.01898,39.9,"20,013",17.43,2.47,2.56,"226,003",763,"9,505",2,"1,028,366",Jerusalem,JLM047,31.75008105,35.23042066,69042.95664,12,"Religious Institution, Educational Institution",Above 7 years,10 to 20,"1,000 to 5,000",1821,7,5,No,,12893.87057,"Municipal Funding, Community Self-Funding",2,Non,No
Community,Polygon,125.5,"8,155.30",15.6589,825,0.01898,39.9,"20,013",17.43,2.47,2.56,"226,003",763,"9,505",2,"1,028,366",Jerusalem,JLM048,31.75461016,35.20432636,17959.12212,12,Community Institution,Above 7 years,Up to 10,up to 100,1214,6,4,No,,15359.01368,Municipal Funding,1,"Educational Community, Seniors",Yes
Community,Polygon,125.5,"8,155.30",15.6589,825,0.01898,39.9,"20,013",17.43,2.47,2.56,"226,003",763,"9,505",2,"1,028,366",Jerusalem,JLM049,31.73324525,35.18354086,23082.43932,5,Open Green Space,3-7 years,Up to 10,"500 to 1,000",1923,6,4,No,,10708.29738,Municipal Funding,1,Non,No
Community,Polygon,125.5,"8,155.30",15.6589,825,0.01898,39.9,"20,013",17.43,2.47,2.56,"226,003",763,"9,505",2,"1,028,366",Jerusalem,JLM050,31.75132676,35.19944542,25743.22129,10,"Open Green Space, Educational Institution",Above 7 years,Up to 10,100 to 500,1213,5,3,No,,12691.92038,"Municipal Funding, Community Self-Funding, Local Institutional Funding",3,"Educational Community, Families",Yes
Community,Polygon,125.5,"8,155.30",15.6589,825,0.01898,39.9,"20,013",17.43,2.47,2.56,"226,003",763,"9,505",2,"1,028,366",Jerusalem,JLM051,31.78530604,35.2157609,2194.579533,3,"Educational Institution, Recreation / Leisure Facility",Above 7 years,NA,up to 100,816,1,-1,No,,20121.52266,Municipal Funding,1,Educational Community,Yes
Community,Polygon,125.5,"8,155.30",15.6589,825,0.01898,39.9,"20,013",17.43,2.47,2.56,"226,003",763,"9,505",2,"1,028,366",Jerusalem,JLM052,31.75231705,35.23104831,100078.5322,13,Residential / Neighborhood Setting,NA,10 to 20,"1,000 to 5,000",1337,5,3,No,,14821.54788,Municipal Funding,1,"Educational Community, Seniors",Yes
Community,Polygon,125.5,"8,155.30",15.6589,825,0.01898,39.9,"20,013",17.43,2.47,2.56,"226,003",763,"9,505",2,"1,028,366",Jerusalem,JLM053,31.75438215,35.2089131,46891.23146,9,"Residential / Neighborhood Setting, Open Green Space, Recreation / Leisure Facility",Above 7 years,Up to 10,up to 100,1215,6,4,No,,13930.10258,"Municipal Funding, Community Self-Funding",2,Non,No
Community,Polygon,125.5,"8,155.30",15.6589,825,0.01898,39.9,"20,013",17.43,2.47,2.56,"226,003",763,"9,505",2,"1,028,366",Jerusalem,JLM054,31.72032839,35.21922361,184660.7732,12,"Open Green Space, Residential / Neighborhood Setting",1-3 years,Up to 10,up to 100,1616,5,3,No,,9994.216972,"Municipal Funding, Community Self-Funding",2,"Residents, Families",Yes
Community,Polygon,125.5,"8,155.30",15.6589,825,0.01898,39.9,"20,013",17.43,2.47,2.56,"226,003",763,"9,505",2,"1,028,366",Jerusalem,JLM055,31.77175094,35.19148723,34120.34988,8,"Open Green Space, Residential / Neighborhood Setting",Above 7 years,10 to 20,"500 to 1,000",1012,8,6,No,,11589.25674,Municipal Funding,1,Non,No
Community,Polygon,125.5,"8,155.30",15.6589,825,0.01898,39.9,"20,013",17.43,2.47,2.56,"226,003",763,"9,505",2,"1,028,366",Jerusalem,JLM056,31.7831913,35.22592604,24111.69577,8,"Residential / Neighborhood Setting, Religious Institution",Above 7 years,Up to 10,100 to 500,1412,1,-1,No,,16360.89858,Municipal Funding,1,Religious Groups,Yes
Community,Polygon,125.5,"8,155.30",15.6589,825,0.01898,39.9,"20,013",17.43,2.47,2.56,"226,003",763,"9,505",2,"1,028,366",Jerusalem,JLM057,31.7539598,35.22265847,14596.77924,4,"Community Institution, Recreation / Leisure Facility, Educational Institution",Above 7 years,10 to 20,"500 to 1,000",1331,7,5,No,,12336.13217,"Municipal Funding, Government Funding, Community Self-Funding",3,"Diverse Communities, Seniors",Yes
Community,Polygon,125.5,"8,155.30",15.6589,825,0.01898,39.9,"20,013",17.43,2.47,2.56,"226,003",763,"9,505",2,"1,028,366",Jerusalem,JLM058,31.75674816,35.2110911,43463.32008,13,Residential / Neighborhood Setting,Above 7 years,Up to 10,up to 100,1215,6,4,No,,15969.94438,Municipal Funding,1,Non,No
Community,Polygon,125.5,"8,155.30",15.6589,825,0.01898,39.9,"20,013",17.43,2.47,2.56,"226,003",763,"9,505",2,"1,028,366",Jerusalem,JLM059,31.74841945,35.1802668,95655.03117,10,Residential / Neighborhood Setting,Above 7 years,NA,up to 100,1152,8,6,No,,11864.67182,Municipal Funding,1,Educational Community,Yes
Community,Polygon,125.5,"8,155.30",15.6589,825,0.01898,39.9,"20,013",17.43,2.47,2.56,"226,003",763,"9,505",2,"1,028,366",Jerusalem,JLM060,31.75493979,35.21124692,46947.69219,8,"Residential / Neighborhood Setting, Educational Institution",Above 7 years,Up to 10,up to 100,1818,7,5,Yes,76,12994.69505,Municipal Funding,1,Non,No
Community,Polygon,125.5,"8,155.30",15.6589,825,0.01898,39.9,"20,013",17.43,2.47,2.56,"226,003",763,"9,505",2,"1,028,366",Jerusalem,JLM061,31.76860169,35.20425673,92146.01094,8,"Residential / Neighborhood Setting, Community Institution, Open Green Space",Above 7 years,Up to 10,"1,000 to 5,000",1022,9,7,No,,13885.13882,"Municipal Funding, Government Funding, Community Self-Funding",3,Families,Yes
Community,Polygon,125.5,"8,155.30",15.6589,825,0.01898,39.9,"20,013",17.43,2.47,2.56,"226,003",763,"9,505",2,"1,028,366",Jerusalem,JLM062,31.75854317,35.20064286,61061.15905,7,Residential / Neighborhood Setting,Above 7 years,Up to 10,"500 to 1,000",1216,7,5,No,,16122.85512,"Municipal Funding, Community Self-Funding",2,Families,Yes
Community,Polygon,125.5,"8,155.30",15.6589,825,0.01898,39.9,"20,013",17.43,2.47,2.56,"226,003",763,"9,505",2,"1,028,366",Jerusalem,JLM063,31.83240701,35.23471924,26577.54671,8,"Educational Institution, Religious Institution",Above 7 years,30 to 40,"1,000 to 5,000",211,5,3,No,,10941.52914,"Municipal Funding, Local Institutional Funding, Community Self-Funding",3,Non,No
Community,Polygon,125.5,"8,155.30",15.6589,825,0.01898,39.9,"20,013",17.43,2.47,2.56,"226,003",763,"9,505",2,"1,028,366",Jerusalem,JLM064,31.75236066,35.23427743,101424.88,12,Community Institution,Above 7 years,10 to 20,100 to 500,1824,4,2,Yes,76,13911.47065,"Municipal Funding, Community Self-Funding",2,Seniors,Yes
Community,Polygon,125.5,"8,155.30",15.6589,825,0.01898,39.9,"20,013",17.43,2.47,2.56,"226,003",763,"9,505",2,"1,028,366",Jerusalem,JLM065,31.77026568,35.16350873,167046.7207,5,Residential / Neighborhood Setting,Above 7 years,10 to 20,100 to 500,1115,7,5,No,,8986.645172,Municipal Funding,1,Non,No
Community,Polygon,125.5,"8,155.30",15.6589,825,0.01898,39.9,"20,013",17.43,2.47,2.56,"226,003",763,"9,505",2,"1,028,366",Jerusalem,JLM066,31.75395117,35.17009518,64470.97356,12,"Residential / Neighborhood Setting, Community Institution",Above 7 years,Up to 10,up to 100,1143,4,2,Yes,76,15027.97162,"Municipal Funding, Community Self-Funding, Local Institutional Funding",3,Families,Yes
Community,Polygon,125.5,"8,155.30",15.6589,825,0.01898,39.9,"20,013",17.43,2.47,2.56,"226,003",763,"9,505",2,"1,028,366",Jerusalem,JLM067,31.78232325,35.23269286,49782.78122,6,"Residential / Neighborhood Setting, Recreation / Leisure Facility",Above 7 years,Up to 10,up to 100,2511,1,-1,No,,17728.50157,Municipal Funding,1,Non,No
Community,Polygon,125.5,"8,155.30",15.6589,825,0.01898,39.9,"20,013",17.43,2.47,2.56,"226,003",763,"9,505",2,"1,028,366",Jerusalem,JLM068,31.76413912,35.20243281,57039.39938,5,Residential / Neighborhood Setting,Above 7 years,10 to 20,"500 to 1,000",1222,8,6,No,,14756.28978,"Municipal Funding, Government Funding",2,Non,No
Community,Polygon,125.5,"8,155.30",15.6589,825,0.01898,39.9,"20,013",17.43,2.47,2.56,"226,003",763,"9,505",2,"1,028,366",Jerusalem,JLM069,31.75678078,35.1833993,35626.65847,10,"Residential / Neighborhood Setting, Educational Institution",1-3 years,10 to 20,100 to 500,1722,7,5,No,,15251.80949,Municipal Funding,1,Educational Community,Yes
Community,Polygon,125.5,"8,155.30",15.6589,825,0.01898,39.9,"20,013",17.43,2.47,2.56,"226,003",763,"9,505",2,"1,028,366",Jerusalem,JLM070,31.75666172,35.18116932,47734.45448,12,Community Institution,Above 7 years,Up to 10,up to 100,1132,3,1,No,,15635.27921,"Municipal Funding, Community Self-Funding",2,Non,No
Community,Polygon,125.5,"8,155.30",15.6589,825,0.01898,39.9,"20,013",17.43,2.47,2.56,"226,003",763,"9,505",2,"1,028,366",Jerusalem,JLM071,31.75565869,35.1975273,94674.84861,11,"Residential / Neighborhood Setting, Open Green Space, Community Institution, Care / Welfare Institution",3-7 years,Up to 10,up to 100,1212,4,2,No,,13875.25763,"Municipal Funding, Government Funding",2,Educational Community,Yes
Sustainability & Innovation,Polygon,14.5,"6,904.20",0.7846,145,0.005411,90.8,"14,564",0,0.5,0.35,"19,739",43,"16,509",8,"100,013",Kfar Sava,KFS001,32.17728053,34.93373772,23110.27212,6,Open Green Space,Above 7 years,10 to 20,"1,000 to 5,000",115,6,-2,No,,9593.172602,Municipal Funding,1,"Families, Seniors",Yes
Sustainability & Innovation,Polygon,14.5,"6,904.20",0.7846,145,0.005411,90.8,"14,564",0,0.5,0.35,"19,739",43,"16,509",8,"100,013",Kfar Sava,KFS002,32.18280253,34.93441309,46456.58145,9,Open Green Space,Above 7 years,10 to 20,NA,112,6,-2,No,,14236.69463,Municipal Funding,1,Non,No
Sustainability & Innovation,Polygon,14.5,"6,904.20",0.7846,145,0.005411,90.8,"14,564",0,0.5,0.35,"19,739",43,"16,509",8,"100,013",Kfar Sava,KFS003,32.18705843,34.90075887,15748.09705,7,Open Green Space,Above 7 years,Up to 10,"500 to 1,000",221,9,1,No,,9117.898664,"Municipal Funding, Community Self-Funding",2,Families,Yes
Sustainability & Innovation,Polygon,14.5,"6,904.20",0.7846,145,0.005411,90.8,"14,564",0,0.5,0.35,"19,739",43,"16,509",8,"100,013",Kfar Sava,KFS004,32.1777659,34.91861895,39824.32027,14,"Educational Institution, Recreation / Leisure Facility",Above 7 years,10 to 20,100 to 500,425,7,-1,No,,10759.42707,"Municipal Funding, Community Self-Funding",2,"Families, Youth",Yes
Sustainability & Innovation,Polygon,14.5,"6,904.20",0.7846,145,0.005411,90.8,"14,564",0,0.5,0.35,"19,739",43,"16,509",8,"100,013",Kfar Sava,KFS005,32.18690649,34.92578567,3153.070614,2,Open Green Space,Above 7 years,Up to 10,up to 100,114,8,0,No,,5831.865676,Municipal Funding,1,Non,No
Sustainability & Innovation,Polygon,14.5,"6,904.20",0.7846,145,0.005411,90.8,"14,564",0,0.5,0.35,"19,739",43,"16,509",8,"100,013",Kfar Sava,KFS006,32.16876472,34.92158816,19257.31479,10,Open Green Space,Above 7 years,NA,NA,415,8,0,Yes,76,9201.470104,Municipal Funding,1,"People with Disabilities, Seniors",Yes
Sustainability & Innovation,Polygon,14.5,"6,904.20",0.7846,145,0.005411,90.8,"14,564",0,0.5,0.35,"19,739",43,"16,509",8,"100,013",Kfar Sava,KFS007,32.17040581,34.90721415,29770.78553,10,Educational Institution,Above 7 years,Up to 10,"500 to 1,000",412,8,0,Yes,76,7908.447018,Municipal Funding,1,"Families, Youth",Yes
Sustainability & Innovation,Polygon,14.5,"6,904.20",0.7846,145,0.005411,90.8,"14,564",0,0.5,0.35,"19,739",43,"16,509",8,"100,013",Kfar Sava,KFS008,32.18688171,34.89045294,8289.639009,6,Open Green Space,Above 7 years,10 to 20,"500 to 1,000",223,9,1,No,,10169.29665,"Municipal Funding, Community Self-Funding",2,"Families, Youth",Yes
Sustainability & Innovation,Polygon,14.5,"6,904.20",0.7846,145,0.005411,90.8,"14,564",0,0.5,0.35,"19,739",43,"16,509",8,"100,013",Kfar Sava,KFS009,32.17426511,34.91846622,41453.76486,14,Open Green Space,Above 7 years,10 to 20,"1,000 to 5,000",421,7,-1,No,,11217.06077,Municipal Funding,1,Religious Groups,Yes
Sustainability & Innovation,Polygon,14.5,"6,904.20",0.7846,145,0.005411,90.8,"14,564",0,0.5,0.35,"19,739",43,"16,509",8,"100,013",Kfar Sava,KFS010,32.17115943,34.91495351,35095.67431,11,Open Green Space,Above 7 years,Up to 10,up to 100,414,7,-1,No,,10298.31662,Municipal Funding,1,Youth,Yes
Sustainability & Innovation,Polygon,14.5,"6,904.20",0.7846,145,0.005411,90.8,"14,564",0,0.5,0.35,"19,739",43,"16,509",8,"100,013",Kfar Sava,KFS011,32.17372154,34.89654786,16729.1591,7,Educational Institution,Above 7 years,NA,NA,322,7,-1,No,,7816.059583,Municipal Funding,1,Non,No
Sustainability & Innovation,Polygon,14.5,"6,904.20",0.7846,145,0.005411,90.8,"14,564",0,0.5,0.35,"19,739",43,"16,509",8,"100,013",Kfar Sava,KFS012,32.17901907,34.90912379,23730.66255,9,Open Green Space,Above 7 years,Up to 10,up to 100,423,8,0,No,,12137.24772,Municipal Funding,1,Non,No
Sustainability & Innovation,Polygon,14.5,"6,904.20",0.7846,145,0.005411,90.8,"14,564",0,0.5,0.35,"19,739",43,"16,509",8,"100,013",Kfar Sava,KFS013,32.18108073,34.92287303,121551.3932,5,Open Green Space,3-7 years,Up to 10,"1,000 to 5,000",426,7,-1,No,,9184.275049,"Municipal Funding, Community Self-Funding",2,Non,No
Sustainability & Innovation,Polygon,14.5,"6,904.20",0.7846,145,0.005411,90.8,"14,564",0,0.5,0.35,"19,739",43,"16,509",8,"100,013",Kfar Sava,KFS014,32.18167476,34.89087607,18578.63098,6,Open Green Space,3-7 years,Up to 10,100 to 500,222,9,1,No,,9434.332468,Municipal Funding,1,Non,No
Sustainability & Innovation,Polygon,14.5,"6,904.20",0.7846,145,0.005411,90.8,"14,564",0,0.5,0.35,"19,739",43,"16,509",8,"100,013",Kfar Sava,KFS015,32.17217293,34.90247533,23619.82545,10,Open Green Space,3-7 years,10 to 20,NA,324,8,0,No,,9592.109599,Municipal Funding,1,Non,No
Sustainability & Innovation,Polygon,14.5,"6,904.20",0.7846,145,0.005411,90.8,"14,564",0,0.5,0.35,"19,739",43,"16,509",8,"100,013",Kfar Sava,KFS016,32.18906587,34.89522582,9542.413872,6,Educational Institution,1-3 years,Up to 10,NA,224,9,1,No,,10117.26375,Municipal Funding,1,"Families, Youth",Yes
Sustainability & Innovation,Polygon,14.5,"6,904.20",0.7846,145,0.005411,90.8,"14,564",0,0.5,0.35,"19,739",43,"16,509",8,"100,013",Kfar Sava,KFS017,32.1893662,34.89702061,11925.8949,6,Community Institution,Above 7 years,10 to 20,up to 100,224,9,1,No,,9076.14634,"Municipal Funding, Local Institutional Funding",2,Seniors,Yes
Sustainability & Innovation,Polygon,14.5,"6,904.20",0.7846,145,0.005411,90.8,"14,564",0,0.5,0.35,"19,739",43,"16,509",8,"100,013",Kfar Sava,KFS018,32.17642871,34.9103585,36030.40337,15,Open Green Space,1-3 years,10 to 20,up to 100,422,7,-1,No,,10214.87186,Municipal Funding,1,Families,Yes
Operations & Neighborhood Administration,Points,35.3,"7,408.30",1.8351,267,0.006873,67,"18,829",0,1.07,0.69,"39,542",94,"11,379",6,"233,485",Netanya,NTY001,32.27631668,34.85327556,47710.17311,11,Open Green Space,Above 7 years,10 to 20,"above 10,000",513,5,-1,Yes,76,5921.104361,"Local Institutional Funding, Government Funding, Municipal Funding",3,"Educational Community, Seniors",Yes
Operations & Neighborhood Administration,Points,35.3,"7,408.30",1.8351,267,0.006873,67,"18,829",0,1.07,0.69,"39,542",94,"11,379",6,"233,485",Netanya,NTY002,32.33398588,34.86963087,20617.78622,4,Care / Welfare Institution,Above 7 years,10 to 20,100 to 500,212,4,-2,No,,8126.804206,"Local Institutional Funding, Municipal Funding, External Funding",3,People with Disabilities,Yes
Operations & Neighborhood Administration,Points,35.3,"7,408.30",1.8351,267,0.006873,67,"18,829",0,1.07,0.69,"39,542",94,"11,379",6,"233,485",Netanya,NTY003,32.29686519,34.84926654,49472.59935,14,Open Green Space,Above 7 years,20 to 30,100 to 500,422,3,-3,No,,11875.30235,"Local Institutional Funding, Government Funding, Municipal Funding",3,Educational Community,Yes
Operations & Neighborhood Administration,Points,35.3,"7,408.30",1.8351,267,0.006873,67,"18,829",0,1.07,0.69,"39,542",94,"11,379",6,"233,485",Netanya,NTY004,32.30180433,34.86047788,44315.05142,4,Open Green Space,Above 7 years,20 to 30,"above 10,000",624,5,-1,No,,3164.521141,"Local Institutional Funding, Municipal Funding",2,Non,No
Operations & Neighborhood Administration,Points,35.3,"7,408.30",1.8351,267,0.006873,67,"18,829",0,1.07,0.69,"39,542",94,"11,379",6,"233,485",Netanya,NTY005,32.32784219,34.86636568,21780.90417,7,Open Green Space,Above 7 years,10 to 20,100 to 500,211,3,-3,No,,7002.943458,Municipal Funding,1,Non,No
Operations & Neighborhood Administration,Points,35.3,"7,408.30",1.8351,267,0.006873,67,"18,829",0,1.07,0.69,"39,542",94,"11,379",6,"233,485",Netanya,NTY006,32.27657627,34.85457913,42763.04737,8,Open Green Space,Above 7 years,NA,NA,513,5,-1,No,,5219.227797,"Local Institutional Funding, Government Funding, Municipal Funding",3,Non,No
Operations & Neighborhood Administration,Points,35.3,"7,408.30",1.8351,267,0.006873,67,"18,829",0,1.07,0.69,"39,542",94,"11,379",6,"233,485",Netanya,NTY007,32.29686519,34.84926654,49472.59935,14,Recreation / Leisure Facility,Above 7 years,NA,NA,422,7,1,No,,11875.30235,"Government Funding, Municipal Funding",2,Diverse Communities,Yes
Operations & Neighborhood Administration,Points,35.3,"7,408.30",1.8351,267,0.006873,67,"18,829",0,1.07,0.69,"39,542",94,"11,379",6,"233,485",Netanya,NTY008,32.32784219,34.86636568,21780.90417,7,Open Green Space,Above 7 years,10 to 20,100 to 500,211,3,-3,No,,7002.943458,"Local Institutional Funding, Municipal Funding",2,Non,No
Operations & Neighborhood Administration,Points,35.3,"7,408.30",1.8351,267,0.006873,67,"18,829",0,1.07,0.69,"39,542",94,"11,379",6,"233,485",Netanya,NTY009,32.28114397,34.84462187,58084.52025,9,Open Green Space,Above 7 years,NA,NA,531,8,2,No,,17706.29203,"Local Institutional Funding, Municipal Funding",2,Seniors,Yes
Operations & Neighborhood Administration,Points,35.3,"7,408.30",1.8351,267,0.006873,67,"18,829",0,1.07,0.69,"39,542",94,"11,379",6,"233,485",Netanya,NTY010,32.30605391,34.88317876,83928.06505,12,Educational Institution,Above 7 years,NA,NA,131,3,-3,No,,8397.833684,"Government Funding, Municipal Funding",2,Educational Community,Yes
Operations & Neighborhood Administration,Points,35.3,"7,408.30",1.8351,267,0.006873,67,"18,829",0,1.07,0.69,"39,542",94,"11,379",6,"233,485",Netanya,NTY011,32.30704934,34.86907622,7066.923245,5,Open Green Space,Above 7 years,NA,NA,122,8,2,No,,7439.010278,"Local Institutional Funding, Municipal Funding",2,Seniors,Yes
Operations & Neighborhood Administration,Points,35.3,"7,408.30",1.8351,267,0.006873,67,"18,829",0,1.07,0.69,"39,542",94,"11,379",6,"233,485",Netanya,NTY012,32.31547467,34.88804261,23828.09846,9,Community Institution,Above 7 years,NA,NA,112,5,-1,No,,6826.174674,"Local Institutional Funding, Municipal Funding",2,Non,No
Operations & Neighborhood Administration,Points,35.3,"7,408.30",1.8351,267,0.006873,67,"18,829",0,1.07,0.69,"39,542",94,"11,379",6,"233,485",Netanya,NTY013,32.33690331,34.8673841,20026.43427,8,Community Institution,Above 7 years,NA,NA,213,5,-1,No,,8965.940692,"Municipal Funding, External Funding",2,Seniors,Yes
Operations & Neighborhood Administration,Points,35.3,"7,408.30",1.8351,267,0.006873,67,"18,829",0,1.07,0.69,"39,542",94,"11,379",6,"233,485",Netanya,NTY014,32.29817329,34.87618012,53237.38817,15,Educational Institution,Above 7 years,NA,NA,145,8,2,No,,12304.72973,"Government Funding, Municipal Funding, External Funding",3,Educational Community,Yes
Operations & Neighborhood Administration,Points,35.3,"7,408.30",1.8351,267,0.006873,67,"18,829",0,1.07,0.69,"39,542",94,"11,379",6,"233,485",Netanya,NTY015,32.29817329,34.87618012,53237.38817,15,Educational Institution,Above 7 years,NA,NA,145,8,2,No,,12304.72973,"Government Funding, Municipal Funding",2,Educational Community,Yes
Operations & Neighborhood Administration,Points,35.3,"7,408.30",1.8351,267,0.006873,67,"18,829",0,1.07,0.69,"39,542",94,"11,379",6,"233,485",Netanya,NTY016,32.29656805,34.84619922,71330.66178,19,Community Institution,Above 7 years,NA,NA,413,7,1,No,,10423.71482,"Local Institutional Funding, Municipal Funding, External Funding",3,People with Disabilities,Yes
Operations & Neighborhood Administration,Points,35.3,"7,408.30",1.8351,267,0.006873,67,"18,829",0,1.07,0.69,"39,542",94,"11,379",6,"233,485",Netanya,NTY017,32.33687222,34.86148564,32907.08709,6,Educational Institution,Above 7 years,NA,NA,242,6,0,No,,8717.638477,"Local Institutional Funding, Government Funding, Municipal Funding",3,Educational Community,Yes
Operations & Neighborhood Administration,Points,35.3,"7,408.30",1.8351,267,0.006873,67,"18,829",0,1.07,0.69,"39,542",94,"11,379",6,"233,485",Netanya,NTY018,32.29444896,34.85392923,23471.03365,12,Community Institution,Above 7 years,NA,NA,432,4,-2,No,,10827.93871,"Local Institutional Funding, Government Funding, Municipal Funding",3,Diverse Communities,Yes
Environment,Non,35.9,"7,450.20",3.276392,374,0.008760405,70.6,"20,901",0.05,0.31,0.43,"51,627",123,"13,391",7,"267,196",Petah Tikva,PTK001,32.08813777,34.87696097,33126.61149,9,Community Institution,Above 7 years,NA,NA,713,5,-2,No,,9211.495716,"External Funding, Municipal Funding",2,"Seniors, Organized Groups, People with Disabilities",Yes
Environment,Non,35.9,"7,450.20",3.276392,374,0.008760405,70.6,"20,901",0.05,0.31,0.43,"51,627",123,"13,391",7,"267,196",Petah Tikva,PTK002,32.07793858,34.87541895,57110.98418,21,Open Green Space,3-7 years,Up to 10,up to 100,813,9,2,No,,12375.64017,Municipal Funding,1,Families,Yes
Environment,Non,35.9,"7,450.20",3.276392,374,0.008760405,70.6,"20,901",0.05,0.31,0.43,"51,627",123,"13,391",7,"267,196",Petah Tikva,PTK003,32.08708288,34.8980205,36400.42323,13,Community Institution,3-7 years,Up to 10,100 to 500,431,6,-1,Yes,76,10622.37007,Municipal Funding,1,Organized Groups,Yes
Environment,Non,35.9,"7,450.20",3.276392,374,0.008760405,70.6,"20,901",0.05,0.31,0.43,"51,627",123,"13,391",7,"267,196",Petah Tikva,PTK004,32.1088944,34.87998945,14080.33174,8,"Educational Institution, Open Green Space, Community Institution",3-7 years,Up to 10,"1,000 to 5,000",612,9,2,No,,3301.623633,"Local Institutional Funding, Municipal Funding, Community Self-Funding",3,"Youth, Families",Yes
Community,Non,23.8,"6,457.40",1.8851,263,0.007168,65.2,"16,920",0,0.3,0.32,"31,438",76,"13,701",7,"153,416",Rehovot,RHV001,31.89735341,34.81580312,10610.98373,7,"Educational Institution, Community Institution",Above 7 years,,NA,116,7,0,Yes,76,9784.646121,"Community Self-Funding, Municipal Funding, Government Funding",3,"Youth, Educational Community, Seniors",Yes
Community,Non,23.8,"6,457.40",1.8851,263,0.007168,65.2,"16,920",0,0.3,0.32,"31,438",76,"13,701",7,"153,416",Rehovot,RHV002,31.8923766,34.79322807,13488.94709,4,Educational Institution,1-3 years,,NA,431,7,0,Yes,76,13857.38455,"Municipal Funding, Government Funding",2,"Youth, Families",Yes
Community,Non,23.8,"6,457.40",1.8851,263,0.007168,65.2,"16,920",0,0.3,0.32,"31,438",76,"13,701",7,"153,416",Rehovot,RHV003,31.89115764,34.82869144,32525.48802,8,Community Institution,1-3 years,,NA,211,5,-2,Yes,76,10250.68678,"External Funding, Community Self-Funding, Local Institutional Funding, Municipal Funding, Government Funding",5,Youth,Yes
Community,Non,23.8,"6,457.40",1.8851,263,0.007168,65.2,"16,920",0,0.3,0.32,"31,438",76,"13,701",7,"153,416",Rehovot,RHV004,31.90073142,34.8145834,18275.85022,18,Open Green Space,3-7 years,,NA,115,8,1,No,,10624.75666,"External Funding, Community Self-Funding, Local Institutional Funding, Municipal Funding, Government Funding",5,"Youth, Families, Seniors",Yes
Community,Non,23.8,"6,457.40",1.8851,263,0.007168,65.2,"16,920",0,0.3,0.32,"31,438",76,"13,701",7,"153,416",Rehovot,RHV005,31.89593969,34.8118356,27793.28611,12,Community Institution,3-7 years,,NA,117,3,-4,No,,12676.36899,"Community Self-Funding, Local Institutional Funding, Municipal Funding, Government Funding",4,Diverse Communities,Yes
Community,Non,23.8,"6,457.40",1.8851,263,0.007168,65.2,"16,920",0,0.3,0.32,"31,438",76,"13,701",7,"153,416",Rehovot,RHV006,31.8816135,34.82261991,39346.34642,11,Community Institution,NA,,NA,222,4,-3,No,,9282.793568,"Community Self-Funding, Municipal Funding, Government Funding",3,"Families, Seniors",Yes
Community,Non,23.8,"6,457.40",1.8851,263,0.007168,65.2,"16,920",0,0.3,0.32,"31,438",76,"13,701",7,"153,416",Rehovot,RHV007,31.89787898,34.81515428,12483.61086,10,Educational Institution,NA,,NA,116,7,0,No,,9745.190971,"Community Self-Funding, Municipal Funding, Government Funding",3,"Youth, Families",Yes
Community,Non,23.8,"6,457.40",1.8851,263,0.007168,65.2,"16,920",0,0.3,0.32,"31,438",76,"13,701",7,"153,416",Rehovot,RHV008,31.89562469,34.81781606,13530.76375,8,Religious Institution,NA,,NA,121,5,-2,No,,11434.41753,"Community Self-Funding, Municipal Funding, Government Funding",3,"Youth, Families, Seniors",Yes
Community,Non,23.8,"6,457.40",1.8851,263,0.007168,65.2,"16,920",0,0.3,0.32,"31,438",76,"13,701",7,"153,416",Rehovot,RHV009,31.88778601,34.81655284,19639.60394,10,Open Green Space,3-7 years,,NA,231,6,-1,No,,10309.63909,"Municipal Funding, Government Funding",2,"Youth, Families, Seniors",Yes
Community,Non,23.8,"6,457.40",1.8851,263,0.007168,65.2,"16,920",0,0.3,0.32,"31,438",76,"13,701",7,"153,416",Rehovot,RHV010,31.88750637,34.7859115,9972.4527,4,Community Institution,1-3 years,,NA,432,3,-4,No,,10105.98418,"Community Self-Funding, Local Institutional Funding, Municipal Funding, Government Funding",4,"Residents, Families, Youth, Seniors, Organized Groups",Yes
Community,Non,23.8,"6,457.40",1.8851,263,0.007168,65.2,"16,920",0,0.3,0.32,"31,438",76,"13,701",7,"153,416",Rehovot,RHV011,31.90416369,34.81407505,34141.54821,19,Care / Welfare Institution,NA,,NA,114,8,1,No,,13793.6166,"Community Self-Funding, Municipal Funding, Government Funding",3,"People with Disabilities, Families",Yes
Community,Non,23.8,"6,457.40",1.8851,263,0.007168,65.2,"16,920",0,0.3,0.32,"31,438",76,"13,701",7,"153,416",Rehovot,RHV012,31.87700498,34.81641732,32022.37513,9,Community Institution,Above 7 years,,NA,312,8,1,No,,10412.03293,"Community Self-Funding, Municipal Funding, Government Funding",3,Youth,Yes
Community,Non,23.8,"6,457.40",1.8851,263,0.007168,65.2,"16,920",0,0.3,0.32,"31,438",76,"13,701",7,"153,416",Rehovot,RHV013,31.89246703,34.80802017,13681.67929,9,Care / Welfare Institution,NA,,NA,411,7,0,No,,14064.84537,"Government Funding, Municipal Funding",2,Diverse Communities,Yes
Community,Non,23.8,"6,457.40",1.8851,263,0.007168,65.2,"16,920",0,0.3,0.32,"31,438",76,"13,701",7,"153,416",Rehovot,RHV014,31.88265939,34.81255205,33463.51524,8,Open Green Space,NA,,NA,313,6,-1,No,,11929.2911,"Government Funding, Municipal Funding",2,"Residents, Families, Seniors, Organized Groups",Yes
Community,Non,23.8,"6,457.40",1.8851,263,0.007168,65.2,"16,920",0,0.3,0.32,"31,438",76,"13,701",7,"153,416",Rehovot,RHV015,31.88594552,34.8124191,8578.471305,6,Care / Welfare Institution,NA,,NA,323,6,-1,No,,10135.6909,"External Funding, Municipal Funding, Government Funding",3,"Youth, People with Disabilities",Yes
Community,Non,23.8,"6,457.40",1.8851,263,0.007168,65.2,"16,920",0,0.3,0.32,"31,438",76,"13,701",7,"153,416",Rehovot,RHV016,31.88750637,34.7859115,9972.4527,4,Community Institution,Above 7 years,,NA,432,3,-4,No,,10105.98418,"Municipal Funding, Government Funding",2,"Youth, Educational Community, Organized Groups",Yes
Environment,Non,61.9,"4,365.20",3.3123,491,0.006746,72.9,"17,051",0.98,1.12,0.83,"39,363",88,"13,321",7,"258,681",Rishon LeZion,RLZ001,31.98495708,34.78692301,40343.4363,13,"Community Institution, Open Green Space",0-1 years,NA,NA,713,4,-3,Yes,76,14040.83705,"Municipal Funding, Government Funding, External Funding",3,Organized Groups,Yes
Environment,Non,61.9,"4,365.20",3.3123,491,0.006746,72.9,"17,051",0.98,1.12,0.83,"39,363",88,"13,321",7,"258,681",Rishon LeZion,RLZ002,31.9733234,34.78451185,56358.12477,21,"Community Institution, Open Green Space",3-7 years,NA,NA,513,8,1,No,,21559.91199,"Municipal Funding, Government Funding",2,Youth,Yes
Environment,Non,61.9,"4,365.20",3.3123,491,0.006746,72.9,"17,051",0.98,1.12,0.83,"39,363",88,"13,321",7,"258,681",Rishon LeZion,RLZ003,31.96438391,34.78136541,114925.57,18,Open Green Space,3-7 years,NA,NA,521,8,1,No,,14334.5549,"Municipal Funding, Government Funding",2,"Seniors, Families",Yes
Environment,Non,61.9,"4,365.20",3.3123,491,0.006746,72.9,"17,051",0.98,1.12,0.83,"39,363",88,"13,321",7,"258,681",Rishon LeZion,RLZ004,31.96789791,34.80836875,6696.342529,12,Open Green Space,1-3 years,NA,NA,116,6,-1,No,,10179.46716,"Municipal Funding, Government Funding",2,"Seniors, Families",Yes
Environment,Non,61.9,"4,365.20",3.3123,491,0.006746,72.9,"17,051",0.98,1.12,0.83,"39,363",88,"13,321",7,"258,681",Rishon LeZion,RLZ005,31.96997779,34.82329155,16650.89542,8,Educational Institution,1-3 years,NA,NA,133,7,0,No,,9004.328826,Municipal Funding,1,"Youth, Families",Yes
Environment,Non,61.9,"4,365.20",3.3123,491,0.006746,72.9,"17,051",0.98,1.12,0.83,"39,363",88,"13,321",7,"258,681",Rishon LeZion,RLZ006,31.9691148,34.76504354,93478.83952,12,"Open Green Space, Community Institution",NA,NA,NA,633,9,2,Yes,76,18798.02335,Municipal Funding,1,"Seniors, Families",Yes
City Improvement Department,Polygon,16.4,"10,214.30",2.0496,233,0.008796,74,"21,081",0,0.61,1.44,"22,786",45,"16,009",8,"167,795",Ramat Gan,RMG001,32.08247011,34.80399821,8767.860783,9,Community Institution,Above 7 years,Up to 10,NA,512,9,1,No,,15147.74325,Municipal Funding,1,"Seniors, Youth",Yes
City Improvement Department,Polygon,16.4,"10,214.30",2.0496,233,0.008796,74,"21,081",0,0.61,1.44,"22,786",45,"16,009",8,"167,795",Ramat Gan,RMG002,32.06839251,34.8339135,36252.25923,12,Open Green Space,Above 7 years,Up to 10,NA,321,7,-1,No,,12038.7094,"Government Funding, Municipal Funding, External Funding",3,Youth,Yes
City Improvement Department,Polygon,16.4,"10,214.30",2.0496,233,0.008796,74,"21,081",0,0.61,1.44,"22,786",45,"16,009",8,"167,795",Ramat Gan,RMG003,32.08704574,34.81970027,24406.58089,11,Open Green Space,Above 7 years,Up to 10,NA,522,7,-1,No,,9909.378887,Municipal Funding,1,Non,No
City Improvement Department,Polygon,16.4,"10,214.30",2.0496,233,0.008796,74,"21,081",0,0.61,1.44,"22,786",45,"16,009",8,"167,795",Ramat Gan,RMG004,32.05804153,34.84888965,25133.32105,9,"Religious Institution, Care / Welfare Institution, Recreation / Leisure Facility, Community Institution",3-7 years,Up to 10,NA,421,10,2,No,,9290.62193,Municipal Funding,1,"Educational Community, Families, Youth, Residents, Religious Groups",Yes
City Improvement Department,Polygon,16.4,"10,214.30",2.0496,233,0.008796,74,"21,081",0,0.61,1.44,"22,786",45,"16,009",8,"167,795",Ramat Gan,RMG005,32.09629099,34.81819551,218487.5672,16,"Recreation / Leisure Facility, Educational Institution, Community Institution",Above 7 years,Up to 10,NA,112,9,1,No,,11488.52729,Municipal Funding,1,"Seniors, Residents, Diverse Communities, Organized Groups, People with Disabilities",Yes
City Improvement Department,Polygon,16.4,"10,214.30",2.0496,233,0.008796,74,"21,081",0,0.61,1.44,"22,786",45,"16,009",8,"167,795",Ramat Gan,RMG006,32.07218257,34.82620263,23110.99362,6,Educational Institution,Above 7 years,Up to 10,NA,216,7,-1,Yes,76,12730.58717,Municipal Funding,1,Youth,Yes
City Improvement Department,Polygon,16.4,"10,214.30",2.0496,233,0.008796,74,"21,081",0,0.61,1.44,"22,786",45,"16,009",8,"167,795",Ramat Gan,RMG007,32.04355428,34.83153958,100969.8571,7,Open Green Space,NA,Up to 10,NA,423,10,2,No,,5013.586098,Municipal Funding,1,"Families, Youth, Diverse Communities",Yes
City Improvement Department,Polygon,16.4,"10,214.30",2.0496,233,0.008796,74,"21,081",0,0.61,1.44,"22,786",45,"16,009",8,"167,795",Ramat Gan,RMG008,32.09239414,34.81122394,138501.0005,8,Non,NA,Up to 10,NA,112,9,1,No,,12694.16569,Municipal Funding,1,"Seniors, Families",Yes
City Improvement Department,Polygon,16.4,"10,214.30",2.0496,233,0.008796,74,"21,081",0,0.61,1.44,"22,786",45,"16,009",8,"167,795",Ramat Gan,RMG009,32.06400499,34.82127515,34849.36798,18,Educational Institution,NA,Up to 10,NA,224,9,1,No,,10992.3307,Municipal Funding,1,"Families, Educational Community, Youth",Yes
City Improvement Department,Polygon,16.4,"10,214.30",2.0496,233,0.008796,74,"21,081",0,0.61,1.44,"22,786",45,"16,009",8,"167,795",Ramat Gan,RMG010,32.06168818,34.83529206,12786.19806,10,"Educational Institution, Open Green Space",Above 7 years,Up to 10,NA,324,8,0,No,,9648.445312,Municipal Funding,1,"Educational Community, Youth, Families",Yes
Environment,Points,57.1,"9,177.40",6.5026,858,0.007579,64,"19,842",0,3.92,2.08,"64,222",174,"17,922",8,"495,230",Tel Aviv-Yafo,TLV001,32.05931381,34.78185259,17060.86824,5,Community Institution,Above 7 years,Up to 10,up to 100,815,5,-3,No,,13487.48972,"Municipal Funding, External Funding",2,"Residents, Organized Groups, Seniors",Yes
Environment,Points,57.1,"9,177.40",6.5026,858,0.007579,64,"19,842",0,3.92,2.08,"64,222",174,"17,922",8,"495,230",Tel Aviv-Yafo,TLV002,32.05850537,34.76540373,24746.29246,8,"Community Institution, Care / Welfare Institution",Above 7 years,Up to 10,"500 to 1,000",817,9,1,No,,17081.06658,Municipal Funding,1,"Residents, Organized Groups, Seniors",Yes
Environment,Points,57.1,"9,177.40",6.5026,858,0.007579,64,"19,842",0,3.92,2.08,"64,222",174,"17,922",8,"495,230",Tel Aviv-Yafo,TLV003,32.05034589,34.78052323,17245.74766,10,Community Institution,Above 7 years,Above 40,"1,000 to 5,000",822,5,-3,No,,11236.07502,"Municipal Funding, Local Institutional Funding",2,"Families, Organized Groups, Educational Community",Yes
Environment,Points,57.1,"9,177.40",6.5026,858,0.007579,64,"19,842",0,3.92,2.08,"64,222",174,"17,922",8,"495,230",Tel Aviv-Yafo,TLV004,32.04599801,34.75679575,21321.22548,17,Educational Institution,Above 7 years,10 to 20,"500 to 1,000",1522,6,-2,No,,11877.1099,"Municipal Funding, Community Self-Funding",2,"Diverse Communities, Educational Community",Yes
Environment,Points,57.1,"9,177.40",6.5026,858,0.007579,64,"19,842",0,3.92,2.08,"64,222",174,"17,922",8,"495,230",Tel Aviv-Yafo,TLV005,32.04715445,34.75334594,22736.06149,10,"Educational Institution, Recreation / Leisure Facility",1-3 years,10 to 20,100 to 500,1522,6,-2,No,,11990.13605,"Municipal Funding, Community Self-Funding",2,"Residents, Seniors, Youth, Organized Groups, Diverse Communities",Yes
Environment,Points,57.1,"9,177.40",6.5026,858,0.007579,64,"19,842",0,3.92,2.08,"64,222",174,"17,922",8,"495,230",Tel Aviv-Yafo,TLV006,32.04640261,34.76967679,166412.5708,14,Open Green Space,3-7 years,Up to 10,100 to 500,831,8,0,Yes,3,10450.41917,Municipal Funding,1,"Educational Community, Residents",Yes
Environment,Points,57.1,"9,177.40",6.5026,858,0.007579,64,"19,842",0,3.92,2.08,"64,222",174,"17,922",8,"495,230",Tel Aviv-Yafo,TLV007,32.03842131,34.74733098,56384.21421,13,"Open Green Space, Residential / Neighborhood Setting",3-7 years,30 to 40,100 to 500,1514,5,-3,No,,11723.30185,"Municipal Funding, Community Self-Funding",2,Non,No
Environment,Points,57.1,"9,177.40",6.5026,858,0.007579,64,"19,842",0,3.92,2.08,"64,222",174,"17,922",8,"495,230",Tel Aviv-Yafo,TLV008,32.05071543,34.77588285,50118.09475,8,Open Green Space,3-7 years,Up to 10,100 to 500,824,5,-3,No,,13584.33944,Municipal Funding,1,Non,No
Environment,Points,57.1,"9,177.40",6.5026,858,0.007579,64,"19,842",0,3.92,2.08,"64,222",174,"17,922",8,"495,230",Tel Aviv-Yafo,TLV009,32.04812645,34.78189987,21054.4983,11,Open Green Space,3-7 years,20 to 30,"5,000 to 10,000",823,5,-3,No,,10575.12567,"Municipal Funding, External Funding",2,"Residents, Organized Groups",Yes
Environment,Points,57.1,"9,177.40",6.5026,858,0.007579,64,"19,842",0,3.92,2.08,"64,222",174,"17,922",8,"495,230",Tel Aviv-Yafo,TLV010,32.05161464,34.77913678,9285.517579,6,Recreation / Leisure Facility,3-7 years,Up to 10,"500 to 1,000",822,5,-3,No,,12897.75309,Municipal Funding,1,Educational Community,Yes
Environment,Points,57.1,"9,177.40",6.5026,858,0.007579,64,"19,842",0,3.92,2.08,"64,222",174,"17,922",8,"495,230",Tel Aviv-Yafo,TLV011,32.04964256,34.77031735,119640.4611,5,"Educational Institution, Open Green Space, Residential / Neighborhood Setting",1-3 years,10 to 20,NA,831,8,0,Yes,3,12347.5758,Municipal Funding,1,"Families, Organized Groups, Residents, People with Disabilities",Yes
Environment,Points,57.1,"9,177.40",6.5026,858,0.007579,64,"19,842",0,3.92,2.08,"64,222",174,"17,922",8,"495,230",Tel Aviv-Yafo,TLV012,32.05393413,34.75407715,34300.47624,15,"Open Green Space, Recreation / Leisure Facility",1-3 years,Above 40,"5,000 to 10,000",1511,6,-2,No,,19083.31123,"Municipal Funding, Local Institutional Funding, Community Self-Funding",3,"Educational Community, Residents",Yes
Environment,Points,57.1,"9,177.40",6.5026,858,0.007579,64,"19,842",0,3.92,2.08,"64,222",174,"17,922",8,"495,230",Tel Aviv-Yafo,TLV013,32.04415293,34.77683988,76495.69794,27,"Recreation / Leisure Facility, Educational Institution",3-7 years,10 to 20,up to 100,832,6,-2,No,,13615.40644,"Municipal Funding, Community Self-Funding",2,Non,No
Environment,Points,57.1,"9,177.40",6.5026,858,0.007579,64,"19,842",0,3.92,2.08,"64,222",174,"17,922",8,"495,230",Tel Aviv-Yafo,TLV014,32.04269832,34.76323769,45441.2164,12,"Open Green Space, Recreation / Leisure Facility",3-7 years,Up to 10,"1,000 to 5,000",732,5,-3,Yes,76,10226.11521,Municipal Funding,1,"Residents, Youth",Yes
Environment,Points,57.1,"9,177.40",6.5026,858,0.007579,64,"19,842",0,3.92,2.08,"64,222",174,"17,922",8,"495,230",Tel Aviv-Yafo,TLV015,32.05264688,34.79563751,102791.2255,8,Educational Institution,1-3 years,Above 40,NA,1011,3,-5,Yes,76,12900.00328,Municipal Funding,1,"Educational Community, Diverse Communities",Yes
Environment,Points,57.1,"9,177.40",6.5026,858,0.007579,64,"19,842",0,3.92,2.08,"64,222",174,"17,922",8,"495,230",Tel Aviv-Yafo,TLV016,32.06992555,34.79724042,39583.07293,11,"Open Green Space, Residential / Neighborhood Setting, Educational Institution",Above 7 years,Up to 10,NA,915,8,0,No,,14926.91629,"Municipal Funding, Community Self-Funding",2,Non,No
Environment,Points,57.1,"9,177.40",6.5026,858,0.007579,64,"19,842",0,3.92,2.08,"64,222",174,"17,922",8,"495,230",Tel Aviv-Yafo,TLV017,32.04364595,34.79773686,112520.7051,13,"Residential / Neighborhood Setting, Open Green Space",Above 7 years,Up to 10,"1,000 to 5,000",1022,5,-3,No,,8221.150633,"Municipal Funding, Community Self-Funding",2,"Residents, Youth",Yes
Environment,Points,57.1,"9,177.40",6.5026,858,0.007579,64,"19,842",0,3.92,2.08,"64,222",174,"17,922",8,"495,230",Tel Aviv-Yafo,TLV018,32.05717198,34.79636465,50992.50954,12,Community Institution,Above 7 years,NA,NA,934,7,-1,No,,10730.17596,Municipal Funding,1,Seniors,Yes
Environment,Points,57.1,"9,177.40",6.5026,858,0.007579,64,"19,842",0,3.92,2.08,"64,222",174,"17,922",8,"495,230",Tel Aviv-Yafo,TLV019,32.06167395,34.79721902,43238.76121,16,"Community Institution, Educational Institution",Above 7 years,10 to 20,up to 100,932,7,-1,Yes,76,11618.12691,"Municipal Funding, Community Self-Funding",2,"Residents, Families, Youth, Educational Community",Yes
Environment,Points,57.1,"9,177.40",6.5026,858,0.007579,64,"19,842",0,3.92,2.08,"64,222",174,"17,922",8,"495,230",Tel Aviv-Yafo,TLV020,32.0773046,34.79871988,10982.38079,8,Open Green Space,3-7 years,Up to 10,up to 100,911,8,0,No,,13864.33236,Municipal Funding,1,"Residents, Youth",Yes
Environment,Points,57.1,"9,177.40",6.5026,858,0.007579,64,"19,842",0,3.92,2.08,"64,222",174,"17,922",8,"495,230",Tel Aviv-Yafo,TLV021,32.05280915,34.79349197,58362.22311,8,Open Green Space,Above 7 years,20 to 30,"500 to 1,000",1011,3,-5,No,,15594.98067,"Municipal Funding, Community Self-Funding",2,Non,No
Environment,Points,57.1,"9,177.40",6.5026,858,0.007579,64,"19,842",0,3.92,2.08,"64,222",174,"17,922",8,"495,230",Tel Aviv-Yafo,TLV022,32.05513136,34.79335748,63511.72549,10,"Residential / Neighborhood Setting, Care / Welfare Institution",1-3 years,Up to 10,"1,000 to 5,000",935,5,-3,No,,13820.74584,"Municipal Funding, Community Self-Funding",2,"Residents, Seniors, Religious Groups, Families",Yes
Environment,Points,57.1,"9,177.40",6.5026,858,0.007579,64,"19,842",0,3.92,2.08,"64,222",174,"17,922",8,"495,230",Tel Aviv-Yafo,TLV023,32.04867512,34.81064163,41012.87697,20,Residential / Neighborhood Setting,1-3 years,NA,NA,1043,6,-2,No,,9511.382263,Municipal Funding,1,Non,No
Environment,Points,57.1,"9,177.40",6.5026,858,0.007579,64,"19,842",0,3.92,2.08,"64,222",174,"17,922",8,"495,230",Tel Aviv-Yafo,TLV024,32.07690696,34.78284708,33117.57185,13,"Open Green Space, Community Institution",Above 7 years,Up to 10,100 to 500,1423,9,1,Yes,76,14568.74577,"Municipal Funding, Community Self-Funding",2,Non,No
Environment,Points,57.1,"9,177.40",6.5026,858,0.007579,64,"19,842",0,3.92,2.08,"64,222",174,"17,922",8,"495,230",Tel Aviv-Yafo,TLV025,32.06014515,34.76203316,66174.55157,12,Open Green Space,Above 7 years,Up to 10,100 to 500,532,9,1,Yes,76,16421.14742,Municipal Funding,1,"Residents, Organized Groups, Educational Community",Yes
Environment,Points,57.1,"9,177.40",6.5026,858,0.007579,64,"19,842",0,3.92,2.08,"64,222",174,"17,922",8,"495,230",Tel Aviv-Yafo,TLV026,32.089085,34.79089185,38307.85063,10,Open Green Space,3-7 years,Up to 10,"500 to 1,000",1413,9,1,Yes,76,9930.973593,"Municipal Funding, Community Self-Funding",2,Non,No
Environment,Points,57.1,"9,177.40",6.5026,858,0.007579,64,"19,842",0,3.92,2.08,"64,222",174,"17,922",8,"495,230",Tel Aviv-Yafo,TLV027,32.08999746,34.79273325,33321.76351,10,Open Green Space,Above 7 years,20 to 30,100 to 500,1413,9,1,Yes,76,9323.587047,"Municipal Funding, Community Self-Funding",2,Non,No
Environment,Points,57.1,"9,177.40",6.5026,858,0.007579,64,"19,842",0,3.92,2.08,"64,222",174,"17,922",8,"495,230",Tel Aviv-Yafo,TLV028,32.08356507,34.78349671,21995.40589,11,Open Green Space,1-3 years,Up to 10,100 to 500,1421,9,1,Yes,76,12064.93754,"Municipal Funding, Community Self-Funding",2,Non,No
Environment,Points,57.1,"9,177.40",6.5026,858,0.007579,64,"19,842",0,3.92,2.08,"64,222",174,"17,922",8,"495,230",Tel Aviv-Yafo,TLV029,32.08154958,34.79351186,30567.211,9,"Educational Institution, Religious Institution",3-7 years,Up to 10,up to 100,1426,9,1,No,,16097.40195,"Municipal Funding, Community Self-Funding",2,Non,No
Environment,Points,57.1,"9,177.40",6.5026,858,0.007579,64,"19,842",0,3.92,2.08,"64,222",174,"17,922",8,"495,230",Tel Aviv-Yafo,TLV030,32.07074861,34.77521261,31216.48617,12,Community Institution,3-7 years,20 to 30,NA,516,9,1,No,,13817.20332,Municipal Funding,1,Seniors,Yes
Environment,Points,57.1,"9,177.40",6.5026,858,0.007579,64,"19,842",0,3.92,2.08,"64,222",174,"17,922",8,"495,230",Tel Aviv-Yafo,TLV031,32.08144719,34.77838871,22773.16463,13,Open Green Space,Above 7 years,10 to 20,"1,000 to 5,000",1323,9,1,Yes,76,13498.77248,"Municipal Funding, Community Self-Funding",2,People with Disabilities,Yes
Environment,Points,57.1,"9,177.40",6.5026,858,0.007579,64,"19,842",0,3.92,2.08,"64,222",174,"17,922",8,"495,230",Tel Aviv-Yafo,TLV032,32.08145832,34.76973544,5138.467222,5,Open Green Space,Above 7 years,Up to 10,"above 10,000",1315,8,0,Yes,76,8814.937779,Municipal Funding,1,"Residents, Families, Youth, Seniors",Yes
Environment,Points,57.1,"9,177.40",6.5026,858,0.007579,64,"19,842",0,3.92,2.08,"64,222",174,"17,922",8,"495,230",Tel Aviv-Yafo,TLV033,32.09824834,34.80138528,184778.4958,10,Open Green Space,3-7 years,Above 40,"1,000 to 5,000",411,9,1,Yes,76,9321.440953,"Municipal Funding, Community Self-Funding",2,Non,No
Environment,Points,57.1,"9,177.40",6.5026,858,0.007579,64,"19,842",0,3.92,2.08,"64,222",174,"17,922",8,"495,230",Tel Aviv-Yafo,TLV034,32.07339211,34.77036689,23406.56521,6,Recreation / Leisure Facility,Above 7 years,NA,NA,513,9,1,No,,12542.01124,"Municipal Funding, Government Funding",2,"Residents, Educational Community, Organized Groups",Yes
Environment,Points,57.1,"9,177.40",6.5026,858,0.007579,64,"19,842",0,3.92,2.08,"64,222",174,"17,922",8,"495,230",Tel Aviv-Yafo,TLV035,32.08678387,34.781023,10374.035,6,Community Institution,Above 7 years,Above 40,NA,323,9,1,No,,11724.41512,Municipal Funding,1,Organized Groups,Yes
Environment,Points,57.1,"9,177.40",6.5026,858,0.007579,64,"19,842",0,3.92,2.08,"64,222",174,"17,922",8,"495,230",Tel Aviv-Yafo,TLV036,32.06951827,34.78879971,3853.79445,5,Non,3-7 years,Up to 10,NA,622,9,1,No,,16238.91729,Municipal Funding,1,Non,No
Environment,Points,57.1,"9,177.40",6.5026,858,0.007579,64,"19,842",0,3.92,2.08,"64,222",174,"17,922",8,"495,230",Tel Aviv-Yafo,TLV037,32.06857406,34.78147081,16162.99029,7,Open Green Space,Above 7 years,20 to 30,"1,000 to 5,000",611,9,1,Yes,76,17675.55917,"Municipal Funding, Community Self-Funding",2,Non,No
Environment,Points,57.1,"9,177.40",6.5026,858,0.007579,64,"19,842",0,3.92,2.08,"64,222",174,"17,922",8,"495,230",Tel Aviv-Yafo,TLV038,32.07282736,34.77250512,26529.97488,6,Educational Institution,Above 7 years,NA,NA,514,9,1,Yes,76,13234.50866,Municipal Funding,1,Organized Groups,Yes
Environment,Points,57.1,"9,177.40",6.5026,858,0.007579,64,"19,842",0,3.92,2.08,"64,222",174,"17,922",8,"495,230",Tel Aviv-Yafo,TLV039,32.11615775,34.82573351,38515.4873,10,Care / Welfare Institution,3-7 years,Up to 10,100 to 500,1221,10,2,No,,13080.29176,"Municipal Funding, Local Institutional Funding",2,"Organized Groups, People with Disabilities",Yes
Environment,Points,57.1,"9,177.40",6.5026,858,0.007579,64,"19,842",0,3.92,2.08,"64,222",174,"17,922",8,"495,230",Tel Aviv-Yafo,TLV040,32.07086877,34.76803628,1529.027314,6,"Residential / Neighborhood Setting, Open Green Space, Community Institution",Above 7 years,20 to 30,NA,521,7,-1,No,,15111.67266,"Municipal Funding, Community Self-Funding",2,Non,No
Environment,Points,57.1,"9,177.40",6.5026,858,0.007579,64,"19,842",0,3.92,2.08,"64,222",174,"17,922",8,"495,230",Tel Aviv-Yafo,TLV041,32.0739135,34.77762072,18741.89125,12,"Open Green Space, Residential / Neighborhood Setting",3-7 years,Up to 10,"1,000 to 5,000",1343,9,1,Yes,76,15293.27222,"Municipal Funding, Community Self-Funding",2,"Residents, Families, Educational Community",Yes
Environment,Points,57.1,"9,177.40",6.5026,858,0.007579,64,"19,842",0,3.92,2.08,"64,222",174,"17,922",8,"495,230",Tel Aviv-Yafo,TLV042,32.09328887,34.78571372,54116.13483,10,Open Green Space,1-3 years,10 to 20,NA,423,9,1,Yes,76,9832.611138,"Municipal Funding, Community Self-Funding",2,Non,No
Environment,Points,57.1,"9,177.40",6.5026,858,0.007579,64,"19,842",0,3.92,2.08,"64,222",174,"17,922",8,"495,230",Tel Aviv-Yafo,TLV043,32.09101002,34.77506105,77866.43257,15,Open Green Space,3-7 years,10 to 20,"1,000 to 5,000",317,9,1,Yes,76,14110.98235,"Municipal Funding, Community Self-Funding",2,Non,No
Environment,Points,57.1,"9,177.40",6.5026,858,0.007579,64,"19,842",0,3.92,2.08,"64,222",174,"17,922",8,"495,230",Tel Aviv-Yafo,TLV044,32.0821362,34.78538333,38266.64949,16,Open Green Space,3-7 years,20 to 30,"1,000 to 5,000",1422,9,1,No,,11652.12582,"Municipal Funding, Community Self-Funding",2,Non,No
Environment,Points,57.1,"9,177.40",6.5026,858,0.007579,64,"19,842",0,3.92,2.08,"64,222",174,"17,922",8,"495,230",Tel Aviv-Yafo,TLV045,32.09305444,34.77708946,22958.59984,13,Open Green Space,1-3 years,10 to 20,NA,313,9,1,Yes,76,13413.67514,Municipal Funding,1,Non,No
Environment,Points,57.1,"9,177.40",6.5026,858,0.007579,64,"19,842",0,3.92,2.08,"64,222",174,"17,922",8,"495,230",Tel Aviv-Yafo,TLV046,32.08714672,34.77862373,8692.318257,5,Open Green Space,1-3 years,10 to 20,"1,000 to 5,000",323,9,1,Yes,76,12129.02893,"Municipal Funding, Community Self-Funding",2,Educational Community,Yes
Environment,Points,57.1,"9,177.40",6.5026,858,0.007579,64,"19,842",0,3.92,2.08,"64,222",174,"17,922",8,"495,230",Tel Aviv-Yafo,TLV047,32.08719531,34.78558052,15759.15399,8,Educational Institution,1-3 years,Up to 10,"500 to 1,000",1417,9,1,No,,11362.27321,"Community Self-Funding, Municipal Funding, Local Institutional Funding",3,"Educational Community, Residents, Organized Groups",Yes
Environment,Points,57.1,"9,177.40",6.5026,858,0.007579,64,"19,842",0,3.92,2.08,"64,222",174,"17,922",8,"495,230",Tel Aviv-Yafo,TLV048,32.08524784,34.79398021,23118.96456,9,Educational Institution,1-3 years,20 to 30,"500 to 1,000",1415,9,1,No,,14240.32787,"Municipal Funding, Community Self-Funding",2,Educational Community,Yes
Environment,Points,57.1,"9,177.40",6.5026,858,0.007579,64,"19,842",0,3.92,2.08,"64,222",174,"17,922",8,"495,230",Tel Aviv-Yafo,TLV049,32.11770593,34.84135644,81385.9369,20,Open Green Space,Above 7 years,30 to 40,"1,000 to 5,000",1232,7,-1,Yes,76,12222.25493,"Municipal Funding, Community Self-Funding",2,Non,No
Environment,Points,57.1,"9,177.40",6.5026,858,0.007579,64,"19,842",0,3.92,2.08,"64,222",174,"17,922",8,"495,230",Tel Aviv-Yafo,TLV050,32.118627,34.82272356,39087.23347,10,Open Green Space,Above 7 years,10 to 20,"5,000 to 10,000",221,9,1,No,,12874.87956,"Municipal Funding, Community Self-Funding",2,"Educational Community, Residents",Yes
Environment,Points,57.1,"9,177.40",6.5026,858,0.007579,64,"19,842",0,3.92,2.08,"64,222",174,"17,922",8,"495,230",Tel Aviv-Yafo,TLV051,32.11654726,34.81759151,29328.92259,5,Open Green Space,1-3 years,10 to 20,NA,222,9,1,No,,9473.154949,"Municipal Funding, Community Self-Funding",2,Non,No
Environment,Points,57.1,"9,177.40",6.5026,858,0.007579,64,"19,842",0,3.92,2.08,"64,222",174,"17,922",8,"495,230",Tel Aviv-Yafo,TLV052,32.11045634,34.81879335,69142.07071,21,Open Green Space,Above 7 years,20 to 30,"1,000 to 5,000",223,8,0,Yes,76,10097.11149,"Municipal Funding, Community Self-Funding",2,Non,No
Environment,Points,57.1,"9,177.40",6.5026,858,0.007579,64,"19,842",0,3.92,2.08,"64,222",174,"17,922",8,"495,230",Tel Aviv-Yafo,TLV053,32.11089993,34.81308866,124629.8841,12,Open Green Space,Above 7 years,Above 40,"1,000 to 5,000",214,9,1,No,,9119.367222,"Municipal Funding, Community Self-Funding",2,Non,No
Environment,Points,57.1,"9,177.40",6.5026,858,0.007579,64,"19,842",0,3.92,2.08,"64,222",174,"17,922",8,"495,230",Tel Aviv-Yafo,TLV054,32.11620649,34.82575346,38357.74605,10,Open Green Space,3-7 years,10 to 20,100 to 500,1221,9,1,No,,13234.15549,Municipal Funding,1,People with Disabilities,Yes
Environment,Points,57.1,"9,177.40",6.5026,858,0.007579,64,"19,842",0,3.92,2.08,"64,222",174,"17,922",8,"495,230",Tel Aviv-Yafo,TLV055,32.12829055,34.83187575,60083.94637,8,"Residential / Neighborhood Setting, Open Green Space, Recreation / Leisure Facility",3-7 years,20 to 30,NA,1211,9,1,No,,10396.50845,"Municipal Funding, Community Self-Funding",2,"Residents, Seniors, Organized Groups",Yes
Environment,Points,57.1,"9,177.40",6.5026,858,0.007579,64,"19,842",0,3.92,2.08,"64,222",174,"17,922",8,"495,230",Tel Aviv-Yafo,TLV056,32.10884992,34.83223567,94379.15232,11,Open Green Space,Above 7 years,Up to 10,"1,000 to 5,000",1223,9,1,Yes,76,11720.36579,"Municipal Funding, Community Self-Funding",2,Non,No
Environment,Points,57.1,"9,177.40",6.5026,858,0.007579,64,"19,842",0,3.92,2.08,"64,222",174,"17,922",8,"495,230",Tel Aviv-Yafo,TLV057,32.1224641,34.83002835,39524.29604,12,Open Green Space,3-7 years,10 to 20,NA,1212,9,1,Yes,3,13448.54877,"Municipal Funding, Community Self-Funding",2,"Residents, Educational Community",Yes
Environment,Points,57.1,"9,177.40",6.5026,858,0.007579,64,"19,842",0,3.92,2.08,"64,222",174,"17,922",8,"495,230",Tel Aviv-Yafo,TLV058,32.11609472,34.79823434,81515.20457,21,Open Green Space,Above 7 years,Above 40,"5,000 to 10,000",112,9,1,No,,12528.22069,"Municipal Funding, Community Self-Funding",2,"Residents, Organized Groups, Educational Community",Yes
Environment,Points,57.1,"9,177.40",6.5026,858,0.007579,64,"19,842",0,3.92,2.08,"64,222",174,"17,922",8,"495,230",Tel Aviv-Yafo,TLV059,32.12226592,34.80667991,55454.69128,12,Open Green Space,Above 7 years,NA,up to 100,111,10,2,Yes,76,10364.83823,Municipal Funding,1,Non,No
Environment,Points,57.1,"9,177.40",6.5026,858,0.007579,64,"19,842",0,3.92,2.08,"64,222",174,"17,922",8,"495,230",Tel Aviv-Yafo,TLV060,32.12345476,34.79549522,102474.3193,16,Open Green Space,Above 7 years,30 to 40,"1,000 to 5,000",123,9,1,Yes,76,10694.50168,"Municipal Funding, Community Self-Funding",2,Non,No
Environment,Points,57.1,"9,177.40",6.5026,858,0.007579,64,"19,842",0,3.92,2.08,"64,222",174,"17,922",8,"495,230",Tel Aviv-Yafo,TLV061,32.10787148,34.79851039,68729.43278,12,Open Green Space,3-7 years,10 to 20,"500 to 1,000",114,8,0,No,,8133.247075,"Municipal Funding, Community Self-Funding",2,Non,No
Environment,Points,57.1,"9,177.40",6.5026,858,0.007579,64,"19,842",0,3.92,2.08,"64,222",174,"17,922",8,"495,230",Tel Aviv-Yafo,TLV062,32.10426201,34.79160518,86165.76413,16,Open Green Space,3-7 years,Up to 10,NA,1131,9,1,No,,11683.55512,"Municipal Funding, Community Self-Funding",2,"Residents, Educational Community",Yes
Environment,Points,57.1,"9,177.40",6.5026,858,0.007579,64,"19,842",0,3.92,2.08,"64,222",174,"17,922",8,"495,230",Tel Aviv-Yafo,TLV063,32.10591575,34.79334826,109367.4371,14,"Educational Institution, Residential / Neighborhood Setting",Above 7 years,10 to 20,up to 100,113,9,1,No,,9554.817601,"Municipal Funding, Community Self-Funding",2,"Residents, Educational Community",Yes
Environment,Points,57.1,"9,177.40",6.5026,858,0.007579,64,"19,842",0,3.92,2.08,"64,222",174,"17,922",8,"495,230",Tel Aviv-Yafo,TLV064,32.11635571,34.78807395,54642.30411,13,Open Green Space,3-7 years,10 to 20,NA,1123,9,1,No,,13629.83053,Municipal Funding,1,"Residents, Educational Community",Yes
Environment,Points,57.1,"9,177.40",6.5026,858,0.007579,64,"19,842",0,3.92,2.08,"64,222",174,"17,922",8,"495,230",Tel Aviv-Yafo,TLV065,32.12823675,34.79372878,89902.56524,10,Religious Institution,3-7 years,20 to 30,up to 100,1111,9,1,Yes,76,8746.255231,Municipal Funding,1,"Residents, Religious Groups",Yes
Environment,Points,57.1,"9,177.40",6.5026,858,0.007579,64,"19,842",0,3.92,2.08,"64,222",174,"17,922",8,"495,230",Tel Aviv-Yafo,TLV066,32.1092261,34.79497128,102374.894,13,Open Green Space,3-7 years,10 to 20,"above 10,000",113,9,1,Yes,76,12680.18366,"Municipal Funding, Community Self-Funding",2,"Residents, Seniors, Educational Community",Yes
Environment,Points,57.1,"9,177.40",6.5026,858,0.007579,64,"19,842",0,3.92,2.08,"64,222",174,"17,922",8,"495,230",Tel Aviv-Yafo,TLV067,32.14325243,34.79987239,33581.04882,6,"Open Green Space, Residential / Neighborhood Setting",3-7 years,NA,NA,1112,9,1,Yes,76,7761.207572,"Municipal Funding, Local Institutional Funding",2,"Residents, Organized Groups, Families",Yes
Environment,Points,57.1,"9,177.40",6.5026,858,0.007579,64,"19,842",0,3.92,2.08,"64,222",174,"17,922",8,"495,230",Tel Aviv-Yafo,TLV068,32.09939206,34.7874885,180358.2551,9,"Open Green Space, Residential / Neighborhood Setting",1-3 years,20 to 30,100 to 500,1133,10,2,No,,8766.089721,"Municipal Funding, Community Self-Funding",2,"Residents, Educational Community",Yes
Environment,Points,57.1,"9,177.40",6.5026,858,0.007579,64,"19,842",0,3.92,2.08,"64,222",174,"17,922",8,"495,230",Tel Aviv-Yafo,TLV069,32.05624526,34.76562584,11517.73958,6,"Educational Institution, Religious Institution",1-3 years,Up to 10,"500 to 1,000",817,8,0,Yes,76,13312.36234,Municipal Funding,1,"Residents, Diverse Communities, Educational Community",Yes
